price,type,os,Ghz,Cpu,Ssd,graphics,ts_info,resolution,memory/ram,Brand,graphics_quality
1849.99,Work / Business,Windows 10,2.6,Intel Core i7,2000,NVIDIA GeForce GTX 1650,0,1920x1080,64,Lenovo,Fair
1125.0,Home / Personal,Windows 10,2.3,Intel Core i7,512,NVIDIA GeForce RTX 3050,0,1920x1080,16,MSI,Fair
1149.99,Home / Personal,Windows 10,2.3,Intel Core i7,512,NVIDIA GeForce RTX 3050,0,1920x1080,32,MSI,Fair
1699.97,Content Creation,Windows 10,2.3,Intel Core i7,1000,NVIDIA GeForce RTX 3060,0,3072x1920,16,Acer,High
1099.0,Gaming,Windows 10,2.0,Intel Core i5,2000,NVIDIA GeForce GTX 1650,0,1920x1080,64,HP,Fair
1459.0,Work / Business,Windows 11,1.3,Intel Core i7,512,Intel Iris Graphics,1,1920x1080,16,HP,Fair
1399.0,Home / Personal,Windows 11,2.8,Intel Core i7,1000,Intel Iris Graphics,1,1920x1080,32,HP,Fair
1029.0,Home / Personal,Windows 11,2.3,Ryzen 5,2000,AMD Radeon Graphics,0,1920x1080,32,Lenovo,Fair
1139.99,Work / Business,Windows 11,1.7,Intel Core i7,2000,Intel Iris Graphics,0,1920x1080,32,HP,Fair
1099.0,Work / Business,Windows 11,1.8,Intel Core i7,2000,Intel Iris Graphics,0,1920x1080,16,Dell,Fair
1069.99,Work / Business,Windows 11,1.7,Intel Core i7,2000,Intel Iris Graphics,0,1920x1080,16,HP,Fair
1149.0,Gaming,Windows 11,4.3,Ryzen 5,512,NVIDIA GeForce RTX 4050,0,1920x1200,16,Acer,Fair
1620.0,Gaming,Windows 11,3.2,Ryzen 7,512,NVIDIA GeForce RTX 3060,0,1920x1080,16,ASUS,High
1959.0,Gaming,Windows 11,2.3,Intel Core i7,512,NVIDIA GeForce RTX 3070,0,1920x1080,32,MSI,High
1849.0,Gaming,Windows 11,2.3,Intel Core i7,512,NVIDIA GeForce RTX 3070,0,1920x1080,16,MSI,High
1939.0,Gaming,Windows 11,2.3,Intel Core i7,1000,NVIDIA GeForce RTX 3070,0,1920x1080,16,MSI,High
1429.0,Home / Personal,Windows 11,2.8,Intel Core i7,1000,Intel Iris Graphics,1,1920x1080,16,HP,Fair
1519.0,Home / Personal,Windows 10,2.8,Intel Core i7,2000,Intel Iris Graphics,1,1920x1080,32,HP,Fair
1419.0,Home / Personal,Windows 11,2.8,Intel Core i7,1000,Intel Iris Graphics,1,1920x1080,16,HP,Fair
1439.0,Home / Personal,Windows 10,2.8,Intel Core i7,1000,Intel Iris Graphics,1,1920x1080,16,HP,Fair
1389.0,Home / Personal,Windows 11,2.8,Intel Core i7,512,Intel Iris Graphics,1,1920x1080,16,HP,Fair
1519.0,Home / Personal,Windows 10,2.8,Intel Core i7,2000,Intel Iris Graphics,1,1920x1080,32,HP,Fair
1979.0,Gaming,Windows 11,2.3,Intel Core i7,512,NVIDIA GeForce RTX 3060,0,1920x1080,16,MSI,High
1979.0,Gaming,Windows 11,2.3,Intel Core i7,512,NVIDIA GeForce RTX 3070,0,1920x1080,16,MSI,High
1499.0,Work / Business,Windows 11,2.2,Intel Core i7,512,Intel Iris Graphics,1,1920x1200,16,Lenovo,Fair
1295.0,Gaming,Windows 10,2.6,Intel Core i7,512,NVIDIA GeForce RTX 3060,0,1920x1080,16,Acer,High
1049.99,Home / Personal,Windows 11,2.8,Ryzen 5,4000,AMD Radeon Graphics,0,1920x1080,8,Acer,Fair
1139.99,Work / Business,Windows 11,1.7,Intel Core i7,2000,Intel Iris Graphics,0,1920x1080,32,Dell,Fair
1069.99,Work / Business,Windows 11,1.7,Intel Core i7,2000,Intel Iris Graphics,0,1920x1080,16,Dell,Fair
1499.0,Work / Business,Windows 11,2.1,Intel Core i7,512,Intel Iris Graphics,0,1920x1080,16,Lenovo,Fair
1599.99,Work / Business,Windows 11,2.1,Intel Core i7,512,Intel Iris Graphics,0,1920x1080,16,Lenovo,Fair
1139.0,Gaming,Windows 10,2.3,Intel Core i7,512,NVIDIA GeForce RTX 3050,0,1920x1080,32,Acer,Fair
1649.0,Gaming,Windows 11,2.1,Intel Core i7,1000,Intel Iris Graphics,0,1920x1080,32,HP,Fair
1059.0,Gaming,Windows 10,2.5,Intel Core i5,512,NVIDIA GeForce RTX 3050,0,1920x1200,16,Acer,Fair
1289.0,Gaming,Windows 10,2.5,Intel Core i5,1000,NVIDIA GeForce GTX 1650,0,1920x1080,16,ASUS,Fair
1329.0,Gaming,Windows 10,3.33,Ryzen 5,1000,NVIDIA GeForce GTX 1650,0,1920x1200,32,Lenovo,Fair
1349.0,Gaming,Windows 10,2.5,Intel Core i5,2000,NVIDIA GeForce GTX 1650,0,1920x1080,32,ASUS,Fair
2159.0,Gaming,Windows 10,2.9,Ryzen 7,1000,NVIDIA GeForce RTX 3060,0,1920x1080,32,ASUS,High
1159.0,Gaming,Windows 10,2.5,Intel Core i5,1000,NVIDIA GeForce GTX 1650,0,1920x1080,16,ASUS,Fair
2539.0,Gaming,Windows 10,2.3,Intel Core i7,2000,NVIDIA GeForce RTX 3060,0,1920x1080,64,Acer,High
2169.0,Gaming,Windows 10,2.9,Ryzen 7,1000,NVIDIA GeForce RTX 3060,0,1920x1080,32,ASUS,High
1169.0,Gaming,Windows 10,2.5,Intel Core i5,512,NVIDIA GeForce GTX 1650,0,1920x1080,32,ASUS,Fair
1379.0,Gaming,Windows 10,2.5,Intel Core i5,2000,NVIDIA GeForce RTX 3050,0,1920x1200,32,Acer,Fair
1439.0,Gaming,Windows 10,2.4,Intel Core i7,1000,Intel Iris Graphics,0,1920x1080,32,HP,Fair
1269.0,Gaming,Windows 10,2.4,Intel Core i7,512,Intel Iris Graphics,1,1920x1080,16,HP,Fair
1699.0,Gaming,Windows 10,2.3,Intel Core i7,2000,NVIDIA GeForce RTX 3050,0,1920x1080,40,ASUS,Fair
1529.0,Gaming,Windows 10,2.3,Intel Core i7,1000,NVIDIA GeForce RTX 3050,0,1920x1080,16,ASUS,Fair
1499.0,Gaming,Windows 10,2.5,Intel Core i5,2000,NVIDIA GeForce GTX 1650,0,1920x1080,64,ASUS,Fair
2069.0,Gaming,Windows 10,2.9,Ryzen 7,512,NVIDIA GeForce RTX 3060,0,1920x1080,32,ASUS,High
2319.0,Gaming,Windows 10,2.3,Intel Core i7,1000,NVIDIA GeForce RTX 3060,0,1920x1080,32,Acer,High
1609.0,Gaming,Windows 10,2.3,Intel Core i7,2000,NVIDIA GeForce RTX 3050,0,1920x1080,16,ASUS,Fair
1329.0,Gaming,Windows 10,2.5,Intel Core i5,1000,NVIDIA GeForce GTX 1650,0,1920x1080,64,ASUS,Fair
1249.0,Gaming,Windows 10,2.5,Intel Core i5,512,NVIDIA GeForce GTX 1650,0,1920x1080,64,ASUS,Fair
1559.0,Gaming,Windows 10,2.4,Intel Core i7,1000,Intel Iris Graphics,0,1920x1080,64,HP,Fair
1399.0,Gaming,Windows 10,2.5,Intel Core i5,1000,NVIDIA GeForce GTX 1650,0,1920x1080,64,ASUS,Fair
1459.0,Gaming,Windows 10,3.2,Ryzen 7,2000,NVIDIA GeForce RTX 3050,0,1920x1080,32,HP,Fair
1089.0,Gaming,Windows 10,2.5,Intel Core i5,512,NVIDIA GeForce RTX 3050,0,1920x1200,16,Acer,Fair
1269.0,Gaming,Windows 10,3.33,Ryzen 5,512,NVIDIA GeForce GTX 1650,0,1920x1200,32,Lenovo,Fair
1479.0,Gaming,Windows 10,2.5,Intel Core i5,2000,NVIDIA GeForce GTX 1650,0,1920x1080,64,ASUS,Fair
2159.0,Gaming,Windows 10,2.9,Ryzen 7,512,NVIDIA GeForce RTX 3060,0,1920x1080,64,ASUS,High
2259.0,Gaming,Windows 10,2.3,Intel Core i7,512,NVIDIA GeForce RTX 3060,0,1920x1080,32,Acer,High
1349.0,Gaming,Windows 10,2.5,Intel Core i5,1000,NVIDIA GeForce GTX 1650,0,1920x1080,64,ASUS,Fair
2059.0,Gaming,Windows 10,2.9,Ryzen 7,1000,NVIDIA GeForce RTX 3060,0,1920x1080,16,ASUS,High
1639.0,Gaming,Windows 10,2.3,Intel Core i7,2000,NVIDIA GeForce RTX 3050,0,1920x1080,16,ASUS,Fair
1279.0,Gaming,Windows 10,2.5,Intel Core i5,1000,NVIDIA GeForce GTX 1650,0,1920x1080,32,ASUS,Fair
1329.0,Gaming,Windows 10,2.5,Intel Core i5,2000,NVIDIA GeForce GTX 1650,0,1920x1080,32,ASUS,Fair
1449.0,Gaming,Windows 10,2.5,Intel Core i5,2000,NVIDIA GeForce GTX 1650,0,1920x1080,64,ASUS,Fair
1269.0,Gaming,Windows 10,2.5,Intel Core i5,512,NVIDIA GeForce GTX 1650,0,1920x1080,64,ASUS,Fair
1289.0,Gaming,Windows 10,2.5,Intel Core i5,1000,NVIDIA GeForce RTX 3050,0,1920x1200,32,Acer,Fair
1279.0,Gaming,Windows 10,2.5,Intel Core i5,2000,NVIDIA GeForce RTX 3050,0,1920x1200,16,Acer,Fair
1349.0,Gaming,Windows 10,2.5,Intel Core i5,2000,NVIDIA GeForce GTX 1650,0,1920x1080,32,ASUS,Fair
1899.0,Gaming,Windows 10,2.4,Intel Core i7,2000,NVIDIA GeForce RTX 3050,0,1920x1080,32,MSI,Fair
2369.0,Gaming,Windows 10,2.3,Intel Core i7,512,NVIDIA GeForce RTX 3060,0,1920x1080,64,Acer,High
2559.0,Gaming,Windows 10,2.3,Intel Core i7,2000,NVIDIA GeForce RTX 3060,0,1920x1080,64,Acer,High
1269.0,Gaming,Windows 10,2.5,Intel Core i5,1000,NVIDIA GeForce GTX 1650,0,1920x1080,32,ASUS,Fair
1469.0,Gaming,Windows 10,2.5,Intel Core i5,2000,NVIDIA GeForce GTX 1650,0,1920x1080,64,ASUS,Fair
1199.0,Gaming,Windows 10,2.5,Intel Core i5,512,NVIDIA GeForce RTX 3050,0,1920x1200,32,Acer,Fair
1249.0,Gaming,Windows 10,2.5,Intel Core i5,1000,NVIDIA GeForce GTX 1650,0,1920x1080,32,ASUS,Fair
749.0,Gaming,Windows 10,3.0,Intel Core i3,512,Intel UHD Graphics,0,1366x768,12,Lenovo,Low
809.0,Gaming,Windows 10,3.0,Intel Core i3,1000,Intel UHD Graphics,0,1366x768,12,Lenovo,Low
1549.0,Gaming,Windows 10,3.33,Ryzen 5,2000,NVIDIA GeForce GTX 1650,0,1920x1200,64,Lenovo,Fair
1969.0,Gaming,Windows 10,2.9,Ryzen 7,512,NVIDIA GeForce RTX 3060,0,1920x1080,16,ASUS,High
2669.0,Gaming,Windows 10,2.3,Intel Core i7,1000,NVIDIA GeForce RTX 3060,0,3840x2160,32,MSI,High
1569.0,Gaming,Windows 10,2.3,Intel Core i7,1000,NVIDIA GeForce RTX 3050,0,1920x1080,24,ASUS,Fair
1559.0,Gaming,Windows 10,2.5,Intel Core i5,4000,NVIDIA GeForce GTX 1650,0,1920x1080,32,ASUS,Fair
1579.0,Gaming,Windows 10,2.5,Intel Core i5,4000,NVIDIA GeForce GTX 1650,0,1920x1080,32,ASUS,Fair
1559.0,Gaming,Windows 10,2.3,Intel Core i7,1000,NVIDIA GeForce RTX 3050,0,1920x1080,16,ASUS,Fair
2249.0,Gaming,Windows 10,2.9,Ryzen 7,2000,NVIDIA GeForce RTX 3060,0,1920x1080,32,ASUS,High
1059.0,Gaming,Windows 10,2.5,Intel Core i5,512,NVIDIA GeForce GTX 1650,0,1920x1080,16,ASUS,Fair
1149.0,Gaming,Windows 10,2.4,Intel Core i7,256,Intel Iris Graphics,1,1920x1080,8,HP,Fair
1259.0,Gaming,Windows 10,2.5,Intel Core i5,1000,NVIDIA GeForce GTX 1650,0,1920x1080,32,ASUS,Fair
1269.0,Gaming,Windows 10,3.33,Ryzen 5,512,NVIDIA GeForce GTX 1650,0,1920x1200,32,Lenovo,Fair
2319.0,Gaming,Windows 10,2.3,Intel Core i7,1000,NVIDIA GeForce RTX 3060,0,1920x1080,32,Acer,High
1459.0,Gaming,Windows 10,3.33,Ryzen 5,1000,NVIDIA GeForce GTX 1650,0,1920x1200,64,Lenovo,Fair
1189.0,Gaming,Windows 10,2.5,Intel Core i5,512,NVIDIA GeForce GTX 1650,0,1920x1080,32,ASUS,Fair
1379.0,Gaming,Windows 10,3.33,Ryzen 5,512,NVIDIA GeForce GTX 1650,0,1920x1200,64,Lenovo,Fair
1609.0,Gaming,Windows 10,2.3,Intel Core i7,1000,NVIDIA GeForce RTX 3050,0,1920x1080,40,ASUS,Fair
1429.0,Gaming,Windows 10,3.33,Ryzen 5,2000,NVIDIA GeForce GTX 1650,0,1920x1200,32,Lenovo,Fair
1639.0,Gaming,Windows 10,2.5,Intel Core i5,4000,NVIDIA GeForce GTX 1650,0,1920x1080,64,ASUS,Fair
2469.0,Gaming,Windows 10,2.9,Ryzen 7,4000,NVIDIA GeForce RTX 3060,0,1920x1080,32,ASUS,High
1239.0,Gaming,Windows 10,2.5,Intel Core i5,2000,NVIDIA GeForce GTX 1650,0,1920x1080,16,ASUS,Fair
2249.0,Gaming,Windows 10,2.9,Ryzen 7,1000,NVIDIA GeForce RTX 3060,0,1920x1080,64,ASUS,High
1379.0,Gaming,Windows 10,2.5,Intel Core i5,1000,NVIDIA GeForce GTX 1650,0,1920x1080,64,ASUS,Fair
1529.0,Gaming,Windows 10,2.4,Intel Core i7,2000,Intel Iris Graphics,0,1920x1080,32,HP,Fair
1329.0,Gaming,Windows 10,3.33,Ryzen 5,1000,NVIDIA GeForce GTX 1650,0,1920x1200,32,Lenovo,Fair
1639.0,Gaming,Windows 10,2.3,Intel Core i7,1000,NVIDIA GeForce RTX 3050,0,1920x1080,40,ASUS,Fair
1209.0,Gaming,Windows 10,2.5,Intel Core i5,2000,NVIDIA GeForce GTX 1650,0,1920x1080,16,ASUS,Fair
1089.0,Gaming,Windows 10,2.5,Intel Core i5,512,NVIDIA GeForce RTX 3050,0,1920x1200,16,Acer,Fair
1589.0,Gaming,Windows 10,2.3,Intel Core i7,1000,NVIDIA GeForce RTX 3050,0,1920x1080,24,ASUS,Fair
1659.0,Gaming,Windows 10,2.5,Intel Core i5,4000,NVIDIA GeForce GTX 1650,0,1920x1080,64,ASUS,Fair
1199.0,Gaming,Windows 11,2.3,Intel Core i5,1000,NVIDIA GeForce GTX 1650,0,1920x1080,16,ASUS,Fair
1139.0,Gaming,Windows 11,2.7,Intel Core i5,1000,GeForce RTX 2050,0,1920x1080,64,ASUS,Fair
1049.99,Work / Business,Windows 11,2.9,Ryzen 5,256,AMD Radeon 660M,1,1920x1200,16,Lenovo,Fair
1231.44,Gaming,Windows 11,2.8,Ryzen 7,1000,NVIDIA GeForce GTX 1650,0,1920x1080,16,ASUS,Fair
1235.44,Gaming,Windows 11,2.8,Ryzen 7,1000,NVIDIA GeForce GTX 1650,0,1920x1080,16,ASUS,Fair
1149.99,Work / Business,Windows 11,2.9,Intel Core i7,512,NVIDIA GeForce GTX 1650,0,1920x1080,16,MSI,Fair
1742.18,Work / Business,Windows 11,1.7,Intel Core i7,512,Intel Iris Graphics,0,1920x1200,16,HP,Fair
1039.0,Home / Personal,Windows 11,3.3,Ryzen 5,512,NVIDIA GeForce RTX 3050,0,1920x1080,32,Lenovo,Fair
1729.0,Gaming,Windows 10,2.3,Intel Core i5,2000,NVIDIA GeForce RTX 3050,0,1920x1080,64,ASUS,Fair
1419.0,Gaming,Windows 11,2.3,Intel Core i7,1000,NVIDIA GeForce RTX 3050,0,1920x1080,32,MSI,Fair
1549.0,Gaming,Windows 11,2.9,Ryzen 7,512,NVIDIA GeForce RTX 3060,0,1920x1080,32,ASUS,High
1759.0,Gaming,Windows 11,2.9,Ryzen 7,1000,NVIDIA GeForce RTX 3060,0,1920x1080,64,ASUS,High
1639.0,Gaming,Windows 11,2.9,Ryzen 7,1000,NVIDIA GeForce RTX 3060,0,1920x1080,32,ASUS,High
1729.0,Gaming,Windows 11,2.9,Ryzen 7,2000,NVIDIA GeForce RTX 3060,0,1920x1080,32,ASUS,High
1629.0,Gaming,Windows 11,2.9,Ryzen 7,2000,NVIDIA GeForce RTX 3060,0,1920x1080,16,ASUS,High
1639.0,Gaming,Windows 11,2.9,Ryzen 7,1000,NVIDIA GeForce RTX 3060,0,1920x1080,32,ASUS,High
1324.06,Home / Personal,Windows 10,2.4,Intel Core i5,512,Intel Iris Graphics,1,2256x1504,8,Microsoft,Fair
1276.99,Work / Business,Windows 10,2.0,Ryzen 7,1000,AMD Radeon Graphics,0,1920x1080,32,HP,Fair
869.99,Work / Business,Windows 10,2.8,Intel Core i7,512,Intel Iris Graphics,0,1920x1080,32,Dell,Fair
1099.0,Gaming,Windows 10,2.5,Intel Core i5,256,NVIDIA GeForce GTX 1650,0,1920x1080,8,MSI,Fair
1199.99,Work / Business,Windows 10,3.0,Intel Core i7,1000,Intel Iris Graphics,0,1920x1080,32,Dell,Fair
1295.99,Home / Personal,Windows 10,2.4,Intel Core i5,256,Intel Iris Graphics,1,2736x1824,8,Microsoft,Fair
1241.99,Work / Business,Windows 10,1.3,Intel Core i5,512,Intel Iris Graphics,0,1920x1080,16,HP,Fair
1246.99,Work / Business,Windows 10,1.3,Intel Core i5,512,Intel Iris Graphics,0,1920x1080,16,HP,Fair
1009.0,Home / Personal,Windows 11,1.8,Ryzen 7,2000,AMD Radeon Graphics,0,1920x1080,24,Acer,Fair
1359.0,Home / Personal,Windows 11,2.8,Intel Core i7,2000,NVIDIA GeForce MX350,0,1920x1080,16,ASUS,Fair
1849.0,Gaming,Windows 10,2.3,Intel Core i7,1000,NVIDIA GeForce RTX 3050,0,1920x1080,32,MSI,Fair
1165.0,Gaming,Windows 11,2.3,Intel Core i7,512,NVIDIA GeForce RTX 4050,0,1920x1080,16,MSI,Fair
1349.0,Home / Personal,Windows 11,1.7,Intel Core i7,512,Intel Iris Graphics,0,1920x1080,64,Dell,Fair
1349.0,Home / Personal,Windows 11,3.3,Ryzen 5,4000,NVIDIA GeForce RTX 3050,0,1920x1080,64,Lenovo,Fair
1499.0,Work / Business,Windows 11,1.7,Intel Core i7,512,Intel Iris Graphics,0,2560x1600,16,Lenovo,Fair
1249.0,Gaming,Windows 11,2.3,Intel Core i7,2000,NVIDIA GeForce RTX 3050,0,1920x1080,32,Acer,Fair
1349.0,Work / Business,Windows 11,2.4,Intel Core i5,2000,Intel Iris Graphics,1,1920x1080,64,HP,Fair
1509.0,Home / Personal,Windows 11,2.8,Intel Core i7,2000,NVIDIA GeForce MX350,1,1920x1080,40,ASUS,Fair
1699.0,Gaming,Windows 11,2.3,Intel Core i7,1000,NVIDIA GeForce RTX 4050,0,1920x1080,64,MSI,Fair
1129.0,Home / Personal,Windows 11,2.8,Intel Core i7,1000,Intel Iris Graphics,0,1920x1080,32,Acer,Fair
1769.0,Gaming,Windows 10,2.6,Intel Core i5,4000,NVIDIA GeForce RTX 3050,0,1920x1080,64,ASUS,Fair
1399.0,Content Creation,Windows 10,3.0,Intel Core i7,512,Intel Iris Graphics,1,2496x1664,16,Microsoft,Fair
1099.0,Gaming,Windows 10,2.4,Intel Core i5,1000,Intel HD Graphics,1,1920x1028,32,HP,Low
1657.99,Gaming,Windows 10,3.2,Ryzen 7,512,NVIDIA GeForce RTX 3060,0,1920x1080,8,HP,High
1199.99,Gaming,Windows 10,2.6,Intel Core i7,1000,NVIDIA GeForce RTX 3050,0,1920x1080,8,MSI,Fair
1149.0,Gaming,Windows 10,2.5,Intel Core i5,1000,NVIDIA GeForce RTX 3050,0,1920x1200,16,Acer,Fair
1959.0,Gaming,Windows 11,2.5,Intel Core i9,512,NVIDIA GeForce RTX 3070,0,1920x1080,16,MSI,High
1959.0,Gaming,Windows 11,2.5,Intel Core i9,512,NVIDIA GeForce RTX 3070,0,1920x1080,16,MSI,High
1049.0,Work / Business,Windows 11,1.7,Intel Core i5,512,Intel Iris Graphics,1,2880x1800,16,MSI,Fair
1359.0,Gaming,Windows 10,2.4,Intel Core i7,1000,Intel Iris Graphics,1,1920x1080,32,HP,Fair
1499.0,Gaming,Windows 11,2.4,Intel Core i7,2000,Intel Iris Graphics,1,1920x1080,32,HP,Fair
1439.99,Home / Personal,Windows 11,3.3,Ryzen 9,4000,AMD Radeon 680M,0,1920x1080,16,ASUS,Fair
1029.99,Home / Personal,Windows 11,3.3,Ryzen 9,1000,AMD Radeon 680M,0,1920x1080,16,ASUS,Fair
1039.99,Home / Personal,Windows 11,3.3,Ryzen 9,1000,AMD Radeon 680M,0,1920x1080,24,ASUS,Fair
1139.99,Home / Personal,Windows 11,3.3,Ryzen 9,2000,AMD Radeon 680M,0,1920x1080,16,ASUS,Fair
1199.99,Home / Personal,Windows 11,3.3,Ryzen 9,4000,AMD Radeon 680M,0,1920x1080,24,ASUS,Fair
1639.99,Gaming,Windows 11,3.2,Ryzen 7,2000,NVIDIA GeForce RTX 3070,0,2560x1440,16,Acer,High
1399.99,Home / Personal,Windows 11,3.3,Ryzen 9,4000,AMD Radeon 680M,0,1920x1080,16,ASUS,Fair
1149.99,Home / Personal,Windows 11,3.3,Ryzen 9,2000,AMD Radeon 680M,0,1920x1080,24,ASUS,Fair
1529.99,Gaming,Windows 11,3.2,Ryzen 7,1000,NVIDIA GeForce RTX 3070,0,2560x1440,16,Acer,High
1679.99,Gaming,Windows 11,3.2,Ryzen 7,2000,NVIDIA GeForce RTX 3070,0,2560x1440,32,Acer,High
1699.99,Gaming,Windows 11,3.2,Ryzen 7,2000,NVIDIA GeForce RTX 3070,0,2560x1440,32,Acer,High
1559.99,Gaming,Windows 11,3.2,Ryzen 7,2000,NVIDIA GeForce RTX 3070,0,2560x1440,64,Acer,High
1599.99,Gaming,Windows 11,3.2,Ryzen 7,2000,NVIDIA GeForce RTX 3070,0,2560x1440,16,Acer,High
1849.99,Gaming,Windows 11,3.2,Ryzen 7,2000,NVIDIA GeForce RTX 3070,0,2560x1440,64,Acer,High
1449.99,Gaming,Windows 11,3.2,Ryzen 7,1000,NVIDIA GeForce RTX 3070,0,2560x1440,32,Acer,High
1289.99,Work / Business,Windows 11,2.3,Ryzen 5,4000,AMD Radeon Vega 6,0,1920x1080,32,HP,Fair
1179.99,Home / Personal,Windows 11,1.8,Ryzen 7,4000,AMD Radeon Vega 8,0,1920x1080,8,Acer,Low
1149.99,Home / Personal,Windows 11,1.8,Ryzen 7,4000,AMD Radeon Vega 8,0,1920x1080,8,Acer,Low
1419.0,Home / Personal,Windows 11,2.8,Intel Core i7,1000,NVIDIA GeForce MX350,1,1920x1080,40,ASUS,Fair
1065.0,Gaming,Windows 10,2.4,Intel Core i7,512,Intel Iris Graphics,0,1920x1080,16,Lenovo,Fair
1299.0,Gaming,Windows 10,2.9,Ryzen 7,512,NVIDIA GeForce RTX 3050,0,1920x1080,16,ASUS,Fair
1609.99,Gaming,Windows 10,2.3,Intel Core i7,512,NVIDIA GeForce RTX 3070,0,1920x1080,32,MSI,High
1148.0,Everyday Value,Windows 10,2.3,Ryzen 5,512,AMD Radeon RX Graphics,1,1920x1080,16,Lenovo,Low
1979.99,Gaming,Windows 11,3.2,Ryzen 7,4000,NVIDIA GeForce RTX 3070,0,2560x1440,32,Acer,High
1785.22,Gaming,Windows 11,2.5,Intel Core i9,512,NVIDIA GeForce RTX 3060,0,1920x1080,16,MSI,High
1009.0,Home / Personal,Windows 11,2.4,Intel Core i5,1000,Intel Iris Graphics,0,,32,HP,Fair
1999.99,Gaming,Windows 11,3.2,Ryzen 7,4000,NVIDIA GeForce RTX 3070,0,2560x1440,32,Acer,High
1569.99,Gaming,Windows 11,1.6,Intel Core i5,4000,NVIDIA T550,0,1920x1080,32,HP,Fair
259.99,Gaming,Windows 11,1.6,Intel Core i5,512,NVIDIA T550,0,1920x1080,32,HP,Fair
259.99,Gaming,Windows 11,1.6,Intel Core i5,512,NVIDIA T550,0,1920x1080,16,HP,Fair
1199.99,Gaming,Windows 11,1.6,Intel Core i5,2000,NVIDIA T550,0,1920x1080,16,HP,Fair
1269.99,Gaming,Windows 11,1.6,Intel Core i5,2000,NVIDIA T550,0,1920x1080,32,HP,Fair
1159.99,Gaming,Windows 11,1.6,Intel Core i5,1000,NVIDIA T550,0,1920x1080,32,HP,Fair
1089.99,Gaming,Windows 11,1.6,Intel Core i5,1000,NVIDIA T550,0,1920x1080,16,HP,Fair
1049.0,Home / Personal,Windows 10,1.7,Intel Core i7,2000,NVIDIA GeForce MX550,1,1920x1080,16,Lenovo,Fair
1069.79,Gaming,Windows 11,2.3,Intel Core i7,1000,NVIDIA GeForce RTX 3050,0,1920x1080,32,Acer,Fair
1709.0,Home / Personal,Windows 10,2.8,Intel Core i7,1000,Intel Iris Graphics,1,1920x1080,16,HP,Fair
1289.99,Work / Business,Windows 11,2.6,Intel Core i5,1000,Intel Iris Graphics,0,,16,Dell,Fair
1399.99,Everyday Value,Windows 10,1.3,Intel Core i7,4000,Intel Iris Graphics,0,,16,ASUS,Fair
1699.99,Work / Business,Windows 11,2.6,Intel Core i5,4000,Intel Iris Graphics,0,,16,Dell,Fair
1319.99,Home / Personal,Windows 11,2.0,Ryzen 7,4000,AMD Radeon Vega 8,0,1920x1080,32,Dell,Low
1139.99,Everyday Value,Windows 10,1.3,Intel Core i7,2000,Intel Iris Graphics,0,,16,ASUS,Fair
1049.99,Home / Personal,Windows 11,2.8,Intel Core i7,2000,Intel Iris Graphics,0,1920x1080,24,Lenovo,Fair
1299.99,Home / Personal,Windows 11,2.8,Intel Core i7,4000,Intel Iris Graphics,0,1920x1080,16,Lenovo,Fair
1099.99,Everyday Value,Windows 10,1.3,Intel Core i7,2000,Intel Iris Graphics,0,,16,ASUS,Fair
1249.99,Home / Personal,Windows 11,2.0,Ryzen 7,4000,AMD Radeon Vega 8,0,1920x1080,16,Dell,Low
1349.99,Home / Personal,Windows 11,2.8,Intel Core i7,4000,Intel Iris Graphics,0,1920x1080,24,Lenovo,Fair
1399.99,Work / Business,Windows 11,1.6,Intel Core i5,2000,Intel Iris Graphics,0,1920x1080,16,Dell,Fair
1699.99,Work / Business,Windows 11,1.6,Intel Core i5,4000,Intel Iris Graphics,0,1920x1080,16,Dell,Fair
1199.99,Work / Business,Windows 11,2.6,Intel Core i5,256,Intel Iris Graphics,0,,16,Dell,Fair
1219.99,Home / Personal,Windows 11,2.0,Ryzen 7,4000,AMD Radeon Vega 8,0,1920x1080,16,Dell,Low
1813.22,Content Creation,Windows 11,2.3,Intel Core i7,1000,NVIDIA GeForce RTX 3060,1,2560x1600,16,MSI,High
1289.99,Home / Personal,Windows 11,2.0,Ryzen 7,4000,AMD Radeon Vega 8,0,1920x1080,32,Dell,Low
1179.99,Everyday Value,Windows 10,1.3,Intel Core i7,2000,Intel Iris Graphics,0,,24,ASUS,Fair
1469.99,Work / Business,Windows 11,1.6,Intel Core i5,4000,Intel Iris Graphics,0,1920x1080,32,Dell,Fair
1499.0,Home / Personal,Windows 11,1.3,Intel Core i5,512,Intel Iris Graphics,0,1920x1200,16,Lenovo,Fair
1799.99,Gaming,Windows 10,2.3,Intel Core i7,512,NVIDIA T600,0,1920x1080,32,Lenovo,Fair
1099.99,Work / Business,Windows 11,1.6,Intel Core i5,2000,Intel Iris Graphics,0,1920x1080,16,Dell,Fair
1169.99,Work / Business,Windows 11,1.6,Intel Core i5,2000,Intel Iris Graphics,0,1920x1080,32,Dell,Fair
1699.99,Gaming,Windows 10,2.3,Intel Core i7,512,NVIDIA T600,0,1920x1080,16,Lenovo,Fair
1099.99,Work / Business,Windows 11,1.3,Intel Core i5,2000,Intel Iris Graphics,0,1920x1080,16,HP,Fair
1059.99,Work / Business,Windows 11,1.3,Intel Core i5,1000,Intel Iris Graphics,0,1920x1080,32,HP,Fair
1449.99,Everyday Value,Windows 10,2.8,Intel Core i7,2000,Intel Iris Graphics,1,1920x1080,24,Lenovo,Fair
1149.99,Work / Business,Windows 10,2.1,Ryzen 5,2000,AMD Radeon Vega 6,0,1920x1080,24,Lenovo,Fair
1039.99,Work / Business,Windows 10,2.1,Ryzen 5,1000,AMD Radeon Vega 6,0,1920x1080,24,Lenovo,Fair
1069.99,Work / Business,Windows 10,2.1,Ryzen 5,2000,AMD Radeon Vega 6,0,1920x1080,8,Lenovo,Fair
1249.99,Everyday Value,Windows 10,2.8,Intel Core i7,512,Intel Iris Graphics,1,1920x1080,24,Lenovo,Fair
1669.99,Work / Business,Windows 10,1.8,Ryzen 7,4000,AMD Radeon Vega 8,0,1920x1080,24,Lenovo,Low
1349.99,Everyday Value,Windows 10,2.8,Intel Core i7,1000,Intel Iris Graphics,1,1920x1080,24,Lenovo,Fair
1399.99,Everyday Value,Windows 10,2.8,Intel Core i7,2000,Intel Iris Graphics,1,1920x1080,16,Lenovo,Fair
1299.99,Everyday Value,Windows 10,2.8,Intel Core i7,1000,Intel Iris Graphics,1,1920x1080,16,Lenovo,Fair
1199.0,Versatile,Windows 10,2.3,Intel Core i7,512,NVIDIA GeForce RTX 3060,1,2560x1600,16,MSI,High
644.99,Work / Business,Windows 10,1.3,Intel Core i5,256,Intel Iris Graphics,0,1920x1080,8,HP,Fair
1653.22,Gaming,Windows 11,2.3,Intel Core i7,1000,NVIDIA GeForce RTX 4070,0,1920x1080,16,MSI,High
1657.22,Gaming,Windows 11,2.3,Intel Core i7,1000,NVIDIA GeForce RTX 4070,0,1920x1080,16,MSI,High
1085.99,Home / Personal,Windows 11,2.6,Intel Core i9,1000,Intel Iris Graphics,0,2800x1620,16,ASUS,Fair
1359.99,Gaming,Windows 11,2.4,Intel Core i7,512,NVIDIA GeForce RTX 4050,0,1920x1200,16,Lenovo,Fair
1197.0,Versatile,Windows 11,3.2,Ryzen 7,1000,NVIDIA GeForce RTX 3050,0,2880x1800,16,ASUS,Fair
1956.99,Versatile,Windows 10,2.5,Intel Core i9,1000,NVIDIA GeForce RTX 3060,1,2560x1600,16,MSI,High
2899.99,Gaming,Windows 11,2.2,Intel Core i9,2000,NVIDIA GeForce RTX 4080,0,2560x1600,32,Acer,Very High
749.99,Gaming,Windows 11,2.7,Intel Core i5,512,NVIDIA GeForce RTX 3050,0,1920x1080,8,ASUS,Fair
899.0,Work / Business,Windows 11,2.5,Intel Core i5,1000,Intel Iris Graphics,0,1920x1080,16,MSI,Fair
3799.99,Gaming,Windows 11,2.2,Intel Core i9,1000,NVIDIA GeForce RTX 4080,0,2560x1600,32,Razer,Very High
1899.0,Gaming,Windows 11,2.6,Intel Core i9,1000,NVIDIA GeForce RTX 4070,0,1920x1080,32,MSI,High
949.99,Gaming,Windows 11,2.3,Intel Core i7,512,NVIDIA GeForce RTX 3060,0,1920x1080,16,Acer,High
1199.99,Gaming,Windows 11,2.3,Intel Core i7,512,NVIDIA GeForce RTX 3060,0,1920x1080,16,Acer,High
3599.99,Gaming,Windows 11,2.2,Intel Core i9,1000,NVIDIA GeForce RTX 4080,0,2560x1600,32,Razer,Very High
1039.99,Gaming,Windows 11,2.3,Intel Core i7,512,NVIDIA GeForce RTX 3060,0,1920x1080,16,HP,High
2599.99,Home / Personal,Windows 10,3.3,Intel Core i7,1000,NVIDIA GeForce RTX 3050,1,,32,Microsoft,Fair
1213.99,Home / Personal,Windows 11,2.3,Intel Core i7,512,Intel Iris Graphics,0,3840x2400,16,ASUS,Fair
2099.0,Versatile,Windows 11,2.3,Intel Core i7,1000,NVIDIA GeForce RTX 3080,1,2560x1600,32,MSI,High
2625.76,Gaming,Windows 11,2.5,Intel Core i9,1000,NVIDIA GeForce RTX 3070,0,2560x1440,32,MSI,High
1449.99,Home / Personal,Windows 11,3.3,Ryzen 9,4000,AMD Radeon 680M,0,1920x1080,24,ASUS,Fair
1031.53,Work / Business,Windows 11,1.7,Intel Core i7,1000,Intel Iris Graphics,0,1920x1080,16,MSI,Fair
1162.55,Gaming,Windows 11,2.3,Intel Core i7,512,NVIDIA GeForce RTX 3050,0,1920x1080,16,ASUS,Fair
1029.99,Work / Business,Windows 10,1.3,Intel Core i5,256,Intel Iris Graphics,0,1920x1080,16,HP,Fair
1499.99,Gaming,Windows 11,2.3,Intel Core i7,2000,NVIDIA GeForce RTX 3050,0,2560x1600,32,ASUS,Fair
1529.99,Gaming,Windows 11,2.6,Intel Core i9,1000,NVIDIA GeForce RTX 3050,0,2880x1800,16,ASUS,Fair
1037.88,Work / Business,Windows 11,1.3,Intel Core i5,512,Intel Iris Graphics,0,1920x1200,16,Lenovo,Fair
1049.99,Gaming,Windows 11,2.3,Intel Core i7,512,NVIDIA GeForce RTX 3050,0,1920x1080,16,Lenovo,Fair
1539.99,Gaming,Windows 11,2.6,Intel Core i9,1000,NVIDIA GeForce RTX 3050,0,2880x1800,24,ASUS,Fair
1769.0,Gaming,Windows 11,3.2,Ryzen 7,2000,NVIDIA GeForce RTX 4060,0,1920x1080,32,ASUS,High
1748.0,Gaming,Windows 10,2.3,Intel Core i7,512,NVIDIA GeForce RTX 3080,0,1920x1080,16,MSI,High
1859.0,Gaming,Windows 10,2.3,Intel Core i7,1000,NVIDIA GeForce RTX 3070,0,1920x1080,32,MSI,High
1028.51,Work / Business,Windows 10,1.3,Intel Core i5,256,Intel Iris Graphics,0,1920x1080,8,HP,Fair
1041.79,Gaming,Windows 11,2.3,Intel Core i7,1000,NVIDIA GeForce RTX 3050,0,1920x1080,16,Acer,Fair
1199.99,Gaming,Windows 11,3.2,Ryzen 7,1000,NVIDIA GeForce RTX 3050,0,1920x1080,16,Lenovo,Fair
1595.0,Work / Business,Windows 11,2.2,Intel Core i7,1000,Intel Iris Graphics,1,2560x1600,32,MSI,Fair
629.99,Home / Personal,Windows 11,1.7,Intel Core i7,512,Intel Iris Graphics,1,2560x1600,16,Lenovo,Fair
699.99,Home / Personal,Windows 11,1.3,Intel Core i5,512,Intel Iris Graphics,1,1920x1200,8,Acer,Fair
1432.99,Versatile,Windows 11,2.1,Intel Core i7,1000,NVIDIA GeForce RTX 3050,1,2560x1600,16,MSI,Fair
1699.0,Work / Business,Windows 11,2.2,Intel Core i7,1000,Intel Iris Graphics,1,2880x1800,32,MSI,Fair
1999.0,Work / Business,Windows 11,2.2,Intel Core i7,1000,NVIDIA GeForce RTX 4050,1,2560x1600,32,MSI,Fair
2199.0,Work / Business,Windows 11,2.2,Intel Core i7,2000,NVIDIA GeForce RTX 4060,1,2560x1600,32,MSI,High
1599.0,Work / Business,Windows 11,2.2,Intel Core i7,1000,Intel Iris Graphics,1,2560x1600,32,MSI,Fair
1399.0,Work / Business,Windows 11,2.1,Intel Core i7,1000,Intel Iris Graphics,1,2880x1800,16,MSI,Fair
1282.99,Work / Business,Windows 11,2.1,Intel Core i7,1000,Intel Iris Graphics,1,1920x1200,32,MSI,Fair
1030.99,Home / Personal,Windows 10,2.5,Intel Core i5,512,Intel Iris Graphics,1,2560x1600,16,MSI,Fair
1452.99,Work / Business,Windows 10,2.5,Intel Core i5,512,Intel Iris Graphics,1,1920x1200,16,MSI,Fair
899.97,Home / Personal,Windows 10,2.8,Intel Core i7,1000,Intel Iris Graphics,1,3840x2160,16,ASUS,Fair
2199.99,Versatile,Windows 11,1.7,Intel Core i7,1000,Intel Iris Graphics,1,2880x1920,16,Microsoft,Fair
861.99,Versatile,Windows 11,1.3,Intel Core i5,512,Intel Iris Graphics,1,2240x1400,8,Lenovo,Fair
1558.99,Home / Personal,Windows 10,2.8,Intel Core i7,256,Intel Iris Graphics,1,2736x1824,16,Microsoft,Fair
2739.99,Home / Personal,Windows 10,2.8,Intel Core i7,1000,Intel Iris Graphics,1,2736x1824,32,Microsoft,Fair
1486.99,Home / Personal,Windows 10,2.4,Intel Core i5,256,Intel Iris Graphics,1,2736x1824,16,Microsoft,Fair
924.99,Home / Personal,Windows 10,3.0,Intel Core i3,128,Intel UHD Graphics,1,2736x1824,8,Microsoft,Low
1296.99,Home / Personal,Windows 10,2.4,Intel Core i5,256,Intel Iris Graphics,1,2736x1824,8,Microsoft,Fair
2249.99,Home / Personal,Windows 10,2.8,Intel Core i7,1000,Intel Iris Graphics,1,2736x1824,16,Microsoft,Fair
1949.99,Home / Personal,Windows 10,2.8,Intel Core i7,512,Intel Iris Graphics,1,2736x1824,16,Microsoft,Fair
1399.99,Gaming,Windows 11,3.8,Ryzen 7,512,NVIDIA GeForce RTX 4060,0,1920x1200,16,Acer,High
1049.99,Gaming,Windows 11,2.3,Intel Core i7,512,NVIDIA GeForce RTX 3050,0,1920x1080,16,Lenovo,Fair
869.99,Work / Business,Windows 11,2.1,Intel Core i7,1000,Intel Iris Graphics,1,1920x1080,32,Dell,Fair
1569.99,Gaming,Windows 11,3.2,Ryzen 7,1000,NVIDIA GeForce RTX 3070,0,2560x1440,32,Acer,High
1599.99,Gaming,Windows 11,2.3,Intel Core i7,1000,NVIDIA GeForce RTX 3070,0,2560x1600,32,ASUS,High
1249.99,Gaming,Windows 11,2.3,Intel Core i7,1000,NVIDIA GeForce RTX 3060,0,2880x1620,16,ASUS,High
1599.99,Work / Business,Windows 10,3.0,Intel Core i7,512,Intel Iris Graphics,1,3840x2400,16,Lenovo,Fair
1399.99,Gaming,Windows 11,2.3,Intel Core i7,512,NVIDIA GeForce RTX 3050,1,1920x1200,16,ASUS,Fair
1099.99,Versatile,Windows 11,3.2,Ryzen 7,512,NVIDIA GeForce RTX 3050,1,1920x1080,16,ASUS,Fair
1599.99,Work / Business,Windows 11,2.1,Intel Core i7,1000,Intel Iris Graphics,1,1920x1200,40,Lenovo,Fair
1036.8,Home / Personal,Windows 10,3.0,Intel Core i3,128,Intel UHD Graphics,1,2736x1824,8,Microsoft,Low
1096.99,Gaming,Windows 11,2.3,Intel Core i7,512,NVIDIA GeForce RTX 3050,0,1920x1080,16,MSI,Fair
1099.99,Home / Personal,Windows 11,3.3,Ryzen 9,2000,AMD Radeon 680M,0,1920x1080,16,ASUS,Fair
1696.95,Versatile,Windows 11,2.6,Intel Core i9,1000,NVIDIA GeForce RTX 4050,0,2560x1600,16,MSI,Fair
1011.84,Work / Business,Windows 11,1.7,Intel Core i5,512,Intel Iris Graphics,0,1920x1200,16,MSI,Fair
1354.99,Gaming,Windows 10,2.3,Intel Core i7,1000,NVIDIA GeForce RTX 3060,0,1920x1080,16,MSI,High
1238.3,Gaming,Windows 11,2.3,Intel Core i7,2000,NVIDIA GeForce RTX 3050,0,1920x1080,32,Acer,Fair
2011.99,Content Creation,Windows 11,2.3,Intel Core i7,1000,NVIDIA GeForce RTX 3050,1,2880x1800,16,ASUS,Fair
1399.0,Work / Business,Windows 11,2.2,Intel Core i7,1000,Intel Iris Graphics,0,1920x1200,32,MSI,Fair
869.99,Home / Personal,Windows 11,2.0,Ryzen 7,512,AMD Radeon Graphics,0,1920x1080,32,Dell,Fair
2281.29,Gaming,Windows 11,2.4,Intel Core i7,1000,NVIDIA GeForce RTX 4070,0,2560x1440,32,MSI,High
2281.22,Gaming,Windows 11,2.4,Intel Core i7,1000,NVIDIA GeForce RTX 4070,0,2560x1440,32,MSI,High
1399.99,Gaming,Windows 11,2.3,Intel Core i7,512,NVIDIA GeForce RTX 3060,0,1920x1080,16,MSI,High
2499.99,Gaming,Windows 11,2.2,Intel Core i9,1000,NVIDIA GeForce RTX 4080,0,2560x1600,32,Acer,Very High
1364.99,Versatile,Windows 11,2.3,Intel Core i7,1000,NVIDIA GeForce RTX 3050,0,2560x1600,32,ASUS,Fair
1199.0,Work / Business,Windows 11,2.1,Intel Core i7,512,Intel Iris Graphics,0,1920x1200,16,MSI,Fair
599.99,Home / Personal,Windows 11,2.3,Ryzen 5,512,AMD Radeon Graphics,1,1920x1080,16,Dell,Fair
3299.99,Gaming,Windows 11,2.2,Intel Core i9,1000,NVIDIA GeForce RTX 4070,0,3840x2400,32,Razer,High
839.99,Home / Personal,Windows 10,2.1,Ryzen 5,1000,AMD Radeon Vega 8,0,1920x1080,20,Lenovo,Low
1099.0,Gaming,Windows 11,2.3,Intel Core i7,512,NVIDIA GeForce RTX 3050,0,1920x1080,32,Lenovo,Fair
2097.99,Content Creation,Windows 11,2.3,Intel Core i7,2000,NVIDIA GeForce RTX 3070,0,3840x2400,16,ASUS,High
483.19,Home / Personal,Windows 10,3.0,Intel Core i3,512,Intel UHD Graphics,0,1920x1080,16,HP,Low
1449.99,Gaming,Windows 11,3.2,Ryzen 7,1000,NVIDIA GeForce RTX 3070,0,2560x1440,32,Acer,High
649.99,Home / Personal,Windows 11,1.3,Intel Core i5,1000,Intel Iris Graphics,0,1920x1080,16,HP,Fair
1789.11,Content Creation,Windows 11,2.3,Intel Core i7,1000,NVIDIA GeForce RTX 3060,0,2560x1600,32,ASUS,High
979.99,Gaming,Windows 11,2.3,Intel Core i7,1000,NVIDIA GeForce RTX 3050,0,1920x1080,16,MSI,Fair
1999.0,Gaming,Windows 11,2.3,Intel Core i7,1000,NVIDIA GeForce RTX 3070,0,1920x1080,32,MSI,High
913.99,Versatile,Windows 11,2.0,Intel Core i5,512,NVIDIA GeForce GTX 1650,0,1920x1080,8,ASUS,Fair
720.0,Everyday Value,Windows 10,2.4,Intel Core i5,1000,Intel Iris Graphics,0,1920x1080,16,HP,Fair
1549.99,Versatile,Windows 11,2.3,Intel Core i7,1000,NVIDIA GeForce RTX 3060,0,2880x1620,16,ASUS,High
1822.77,Content Creation,Windows 10,2.3,Intel Core i7,1000,NVIDIA GeForce RTX 3080,0,3840x2160,16,MSI,High
869.99,Home / Personal,Windows 11,2.0,Ryzen 7,512,AMD Radeon Graphics,0,1920x1080,16,Dell,Fair
699.99,Work / Business,Windows 11,2.0,Ryzen 5,1000,AMD Radeon Graphics,0,1920x1080,16,MSI,Fair
699.99,Work / Business,Windows 11,1.3,Intel Core i5,512,Intel Iris Graphics,0,1920x1080,16,MSI,Fair
1850.99,Gaming,Windows 11,2.5,Intel Core i9,1000,NVIDIA GeForce RTX 3070,0,2560x1440,16,MSI,High
634.49,Work / Business,Windows 11,2.4,Intel Core i5,512,Intel Iris Graphics,1,1920x1080,16,HP,Fair
861.0,Home / Personal,Windows 11,2.5,Intel Core i5,512,Intel Iris Graphics,0,1920x1200,8,ASUS,Fair
999.0,Work / Business,Windows 11,2.9,Intel Core i7,1000,Intel Iris Graphics,0,1920x1080,16,MSI,Fair
939.99,Home / Personal,Windows 11,3.3,Ryzen 9,1000,AMD Radeon 680M,0,1920x1080,16,ASUS,Fair
1249.0,Home / Personal,Windows 10,2.3,Intel Core i7,2000,NVIDIA GeForce RTX 3050,0,1920x1080,32,MSI,Fair
417.19,Home / Personal,Windows 10,3.0,Intel Core i3,256,Intel UHD Graphics,0,1920x1080,8,HP,Low
2799.99,Gaming,Windows 11,2.5,Intel Core i7,1000,NVIDIA GeForce RTX 4070,0,2560x1440,16,Razer,High
799.99,Home / Personal,Windows 11,2.8,Intel Core i7,512,Intel Iris Graphics,0,1920x1080,32,HP,Fair
629.99,Home / Personal,Windows 11,1.7,Intel Core i7,512,Intel Iris Graphics,1,2560x1600,16,Lenovo,Fair
1299.99,Versatile,Windows 11,2.3,Intel Core i7,1000,NVIDIA GeForce RTX 3060,1,3840x2400,16,ASUS,High
273.0,Home / Personal,Windows 11,2.3,Ryzen 5,512,AMD Radeon Graphics,0,1920x1080,8,Acer,Fair
1299.0,Versatile,Windows 11,2.3,Intel Core i7,1000,NVIDIA GeForce RTX 3070,1,2560x1600,16,MSI,High
273.0,Work / Business,Windows 11,2.5,Intel Core i5,512,Intel Iris Graphics,0,1920x1080,16,MSI,Fair
273.0,Home / Personal,Windows 11,2.6,Ryzen 3,128,AMD Radeon Graphics,0,1366x768,8,Acer,Fair
279.9,Home / Personal,Windows 11,2.6,Ryzen 3,128,AMD Radeon Graphics,0,1366x768,8,Acer,Fair
1099.99,Content Creation,Windows 11,3.3,Ryzen 9,1000,NVIDIA GeForce RTX 3050,1,1920x1080,16,ASUS,Fair
549.99,Everyday Value,Windows 11,1.7,Intel Core i5,512,Intel Iris Graphics,1,1920x1080,16,Acer,Fair
499.99,Home / Personal,Windows 11,2.0,Ryzen 7,512,AMD Radeon Graphics,0,1920x1080,8,Lenovo,Fair
619.99,Gaming,Windows 11,3.0,Ryzen 5,512,NVIDIA GeForce GTX 1650,0,1920x1080,8,ASUS,Fair
1799.0,Gaming,Windows 11,2.6,Intel Core i9,1000,NVIDIA GeForce RTX 4070,0,2560x1440,32,MSI,High
969.99,Gaming,Windows 11,3.2,Ryzen 7,1000,NVIDIA GeForce RTX 3070,0,2560x1440,16,Acer,High
2117.99,Gaming,Windows 11,2.2,Intel Core i9,1000,NVIDIA GeForce RTX 4070,0,2560x1600,32,ASUS,High
549.99,Home / Personal,Windows 11,3.3,Ryzen 5,512,AMD Radeon Graphics,0,1920x1080,16,ASUS,Fair
849.0,Gaming,Windows 11,2.0,Intel Core i5,512,NVIDIA GeForce RTX 4050,0,1920x1080,16,MSI,Fair
1999.99,Versatile,Windows 11,2.5,Intel Core i9,1000,NVIDIA GeForce RTX 3070,1,3840x2160,32,ASUS,High
5299.0,Gaming,Windows 11,2.2,Intel Core i9,4000,NVIDIA GeForce RTX 4090,0,3840x2160,128,MSI,Very High
799.0,Gaming,Windows 11,3.3,Ryzen 5,512,NVIDIA GeForce RTX 4050,0,1920x1080,8,MSI,Fair
1967.76,Gaming,Windows 11,2.3,Intel Core i7,1000,NVIDIA GeForce RTX 3070,0,1920x1080,32,MSI,High
2099.99,Content Creation,Windows 11,2.5,Intel Core i9,1000,NVIDIA GeForce RTX 3060,1,1920x1080,32,ASUS,High
999.0,Gaming,Windows 11,2.0,Intel Core i5,1000,NVIDIA GeForce RTX 4060,0,1920x1080,16,MSI,High
878.99,Home / Personal,Windows 10,2.8,Intel Core i7,512,Intel Iris Graphics,0,1920x1080,16,ASUS,Fair
722.81,Versatile,Windows 11,1.7,Intel Core i5,512,NVIDIA GeForce GTX 1650,0,1920x1080,16,MSI,Fair
273.0,Home / Personal,Windows 10,1.9,Intel Core i7,512,Intel UHD Graphics,0,1920x1080,16,Lenovo,Low
273.0,Home / Personal,Windows 10,1.7,Intel Core i5,1000,Intel UHD Graphics,0,1920x1080,16,HP,Low
1849.99,Work / Business,Windows 10,2.6,Intel Core i7,2000,NVIDIA GeForce GTX 1650,0,1920x1080,64,Lenovo,Fair
1249.0,Gaming,Windows 10,2.3,Intel Core i7,1000,NVIDIA GeForce RTX 3050,0,1920x1080,32,MSI,Fair
1543.99,Work / Business,Windows 11,2.4,Intel Core i7,1000,Intel Iris Graphics,0,2560x1600,32,MSI,Fair
1169.99,Home / Personal,Windows 10,2.3,Intel Core i7,1000,NVIDIA GeForce RTX 3050,0,1920x1080,16,MSI,Fair
1029.99,Everyday Value,Windows 10,1.3,Intel Core i7,1000,Intel Iris Graphics,0,,16,ASUS,Fair
1089.99,Gaming,Windows 11,3.2,Ryzen 7,1000,NVIDIA GeForce GTX 1650,0,1920x1080,32,Acer,Fair
1689.0,Gaming,Windows 11,3.2,Ryzen 7,1000,NVIDIA GeForce RTX 3070,0,2560x1600,32,Lenovo,High
1979.0,Work / Business,Windows 11,2.3,Intel Core i7,2000,NVIDIA GeForce RTX 3050,0,1920x1080,32,MSI,Fair
1970.22,Gaming,Windows 11,2.4,Intel Core i7,1000,NVIDIA GeForce RTX 4070,0,1920x1080,16,MSI,High
1016.4,Work / Business,Windows 11,1.3,Intel Core i5,256,Intel Iris Graphics,0,1920x1080,8,Lenovo,Fair
1849.0,Gaming,Windows 11,2.3,Intel Core i7,1000,NVIDIA GeForce RTX 4050,0,1920x1080,32,MSI,Fair
869.99,Work / Business,Windows 11,2.1,Intel Core i7,1000,Intel Iris Graphics,1,1920x1080,64,Dell,Fair
1199.99,Gaming,Windows 11,3.2,Ryzen 7,512,NVIDIA GeForce RTX 3060,0,1920x1080,32,HP,High
1099.99,Gaming,Windows 11,3.2,Ryzen 7,2000,NVIDIA GeForce RTX 3050,0,1920x1080,32,Lenovo,Fair
1430.22,Gaming,Windows 11,2.6,Intel Core i9,512,NVIDIA GeForce RTX 4050,0,1920x1080,16,ASUS,Fair
1659.0,Gaming,Windows 10,2.3,Intel Core i7,1000,NVIDIA GeForce RTX 3050,0,1920x1200,32,ASUS,Fair
1941.99,Versatile,Windows 11,2.2,Intel Core i9,1000,NVIDIA GeForce RTX 4070,0,3200x2000,16,ASUS,High
1079.99,Home / Personal,Windows 11,1.7,Intel Core i7,1000,Intel Iris Graphics,0,1920x1200,16,Lenovo,Fair
1029.0,Gaming,Windows 11,2.3,Intel Core i7,1000,NVIDIA GeForce RTX 3050,0,1920x1080,32,MSI,Fair
1399.99,Versatile,Windows 11,4.0,Ryzen 9,1000,NVIDIA GeForce RTX 4060,0,1920x1080,32,ASUS,High
1399.99,Gaming,Windows 11,2.5,Intel Core i9,1000,NVIDIA GeForce RTX 3070,0,1920x1080,16,MSI,High
1007.09,Gaming,Windows 11,2.5,Intel Core i5,512,NVIDIA GeForce RTX 3050,0,1920x1080,16,ASUS,Fair
1799.0,Work / Business,Windows 11,2.4,Intel Core i7,1000,NVIDIA GeForce RTX 4050,0,2560x1600,32,MSI,Fair
1003.78,Home / Personal,Windows 11,2.0,Ryzen 7,512,AMD Radeon Graphics,1,1920x1200,16,Lenovo,Fair
1199.0,Versatile,Windows 10,2.3,Intel Core i7,1000,NVIDIA GeForce RTX 3060,1,2560x1600,16,MSI,High
1999.0,Work / Business,Windows 11,2.4,Intel Core i7,2000,NVIDIA GeForce RTX 4060,0,2560x1600,32,MSI,High
1799.99,Versatile,Windows 11,2.4,Intel Core i7,1000,NVIDIA GeForce RTX 4060,0,2560x1600,64,MSI,High
1005.99,Work / Business,Windows 11,2.5,Intel Core i5,1000,Intel Iris Graphics,0,1920x1080,16,MSI,Fair
1049.99,Gaming,Windows 11,2.3,Intel Core i7,512,NVIDIA GeForce RTX 3050,0,1920x1080,8,MSI,Fair
1499.99,Versatile,Windows 11,2.4,Intel Core i7,1000,NVIDIA GeForce RTX 4050,0,2880x1800,16,Acer,Fair
1099.99,Everyday Value,Windows 11,3.2,Ryzen 7,1000,NVIDIA GeForce RTX 3050,1,1920x1080,16,ASUS,Fair
1076.84,Work / Business,Windows 10,1.7,Intel Core i7,512,Intel Iris Graphics,0,1920x1080,16,HP,Fair
1299.0,Gaming,Windows 11,3.3,Ryzen 9,512,NVIDIA GeForce RTX 3060,0,1920x1080,16,ASUS,High
1000.41,Home / Personal,Windows 11,2.5,Intel Core i5,512,Intel Iris Graphics,0,1920x1200,8,ASUS,Fair
1046.75,Work / Business,Windows 11,2.9,Intel Core i7,1000,Intel Iris Graphics,0,1920x1080,16,MSI,Fair
1679.99,Gaming,Windows 10,3.0,Ryzen 9,1000,NVIDIA GeForce RTX 3060,0,1920x1080,16,ASUS,High
1099.99,Gaming,Windows 11,3.2,Ryzen 7,512,NVIDIA GeForce RTX 3060,0,1920x1080,16,HP,High
1099.99,Gaming,Windows 11,2.6,Intel Core i5,512,NVIDIA GeForce RTX 4050,0,1920x1080,16,ASUS,Fair
1319.99,Gaming,Windows 10,2.5,Intel Core i5,1000,NVIDIA GeForce RTX 3050,0,1920x1080,64,Acer,Fair
688.79,Home / Personal,Windows 10,1.0,Intel Core i5,512,Intel UHD Graphics,1,1920x1080,32,Dell,Low
979.99,Home / Personal,Windows 10,2.9,Intel Core i7,512,Intel Iris Graphics,1,2560x1600,16,MSI,Fair
1284.77,Versatile,Windows 11,2.1,Intel Core i7,512,NVIDIA GeForce MX550,1,2880x1800,16,ASUS,Fair
1294.99,Gaming,Windows 11,3.2,Ryzen 7,512,NVIDIA GeForce RTX 3060,0,1920x1080,16,HP,High
799.99,Gaming,Windows 10,3.2,Ryzen 7,256,NVIDIA GeForce GTX 1650,0,1920x1080,16,Acer,Fair
1199.99,Home / Personal,Windows 11,2.4,Intel Core i7,1000,Intel Iris Graphics,0,3200x2000,16,Acer,Fair
975.0,Home / Personal,Windows 11,1.7,Intel Core i7,1000,NVIDIA GeForce MX550,1,1920x1080,16,Lenovo,Fair
1899.0,Gaming,Windows 11,3.2,Ryzen 7,2000,NVIDIA GeForce RTX 3070,0,2560x1600,64,Lenovo,High
1719.0,Gaming,Windows 11,3.3,Ryzen 9,1000,NVIDIA GeForce RTX 3080,0,2560x1440,16,ASUS,High
1149.99,Gaming,Windows 11,3.2,Ryzen 7,1000,NVIDIA GeForce RTX 3050,0,1920x1080,32,Acer,Fair
699.99,Home / Personal,Windows 10,2.4,Intel Core i5,1000,Intel Iris Graphics,0,1920x1080,20,Lenovo,Fair
1319.99,Gaming,Windows 11,2.3,Intel Core i7,2000,NVIDIA GeForce RTX 3060,0,2880x1620,16,ASUS,High
607.74,Home / Personal,Windows 11,3.0,Intel Core i3,256,Intel UHD Graphics,0,1920x1080,8,ASUS,Low
1066.79,Gaming,Windows 11,2.3,Intel Core i7,1000,NVIDIA GeForce RTX 3050,0,1920x1080,16,Acer,Fair
799.0,Work / Business,Windows 10,2.6,Intel Core i5,512,Intel Iris Graphics,0,1920x1080,16,Dell,Fair
741.99,Home / Personal,Windows 11,2.1,Ryzen 5,512,AMD Radeon Graphics,0,,8,Lenovo,Fair
1119.0,Home / Personal,Windows 11,1.7,Intel Core i7,1000,Intel Iris Graphics,1,1920x1080,64,HP,Fair
869.99,Home / Personal,Windows 11,1.7,Intel Core i7,512,Intel Iris Graphics,0,1920x1080,16,Dell,Fair
999.87,Home / Personal,Windows 10,2.8,Intel Core i7,512,Intel Iris Graphics,0,1920x1080,16,ASUS,Fair
1589.0,Gaming,Windows 10,2.3,Intel Core i5,1000,NVIDIA GeForce RTX 3050,0,1920x1080,32,ASUS,Fair
899.99,Home / Personal,Windows 10,1.8,Ryzen 7,512,AMD Radeon Graphics,0,1920x1080,8,ASUS,Fair
1409.75,Gaming,Windows 11,2.3,Intel Core i7,512,NVIDIA GeForce RTX 3050,0,1920x1080,16,MSI,Fair
799.99,Work / Business,Windows 10,2.6,Intel Core i5,256,Intel Iris Graphics,0,1920x1080,32,Dell,Fair
686.99,Home / Personal,Windows 10,1.0,Intel Core i5,256,Intel UHD Graphics,1,1920x1080,12,Dell,Low
799.0,Home / Personal,Windows 11,2.3,Ryzen 5,2000,AMD Radeon Graphics,1,1920x1080,16,Dell,Fair
667.79,Home / Personal,Windows 10,1.0,Intel Core i5,1000,Intel UHD Graphics,1,1920x1080,8,Dell,Low
599.0,Home / Personal,Windows 11,2.3,Ryzen 5,2000,AMD Radeon Graphics,1,1920x1080,32,Dell,Fair
775.0,Home / Personal,Windows 11,2.3,Ryzen 5,1000,AMD Radeon Graphics,1,1920x1080,32,Dell,Fair
599.0,Home / Personal,Windows 11,2.3,Ryzen 5,512,AMD Radeon Graphics,1,1920x1080,32,Dell,Fair
699.0,Home / Personal,Windows 11,2.3,Ryzen 5,1000,AMD Radeon Graphics,1,1920x1080,16,Dell,Fair
1149.0,Work / Business,Windows 11,2.1,Intel Core i7,2000,Intel Iris Graphics,1,1920x1080,32,Dell,Fair
1099.99,Work / Business,Windows 11,2.1,Intel Core i7,512,Intel Iris Graphics,1,1920x1080,64,Dell,Fair
1199.0,Work / Business,Windows 10,2.8,Intel Core i7,512,Intel Iris Graphics,0,1920x1080,64,Dell,Fair
549.79,Work / Business,Windows 11,2.4,Intel Core i5,256,Intel UHD Graphics,0,1920x1080,16,Dell,Low
899.0,Work / Business,Windows 10,3.0,Intel Core i7,512,Intel Iris Graphics,0,1920x1080,16,Dell,Fair
949.99,Home / Personal,Windows 11,1.7,Intel Core i7,2000,Intel Iris Graphics,0,1920x1080,16,Dell,Fair
2659.0,Everyday Value,Windows 11,2.3,Intel Core i7,1000,NVIDIA GeForce RTX 3050,0,1920x1200,64,Dell,Fair
869.99,Work / Business,Windows 10,2.6,Intel Core i5,256,Intel Iris Graphics,0,1920x1080,16,Dell,Fair
2215.0,Everyday Value,Windows 11,2.3,Intel Core i7,512,NVIDIA GeForce RTX 3050,0,1920x1200,16,Dell,Fair
869.99,Work / Business,Windows 11,1.7,Intel Core i7,256,Intel Iris Graphics,0,1920x1080,16,Dell,Fair
599.79,Work / Business,Windows 11,2.4,Intel Core i5,256,Intel Iris Graphics,1,1920x1080,16,Dell,Fair
1399.0,Work / Business,Windows 11,2.8,Intel Core i7,2000,Intel Iris Graphics,0,1920x1080,64,Dell,Fair
593.79,Home / Personal,Windows 11,3.0,Intel Core i3,1000,Intel UHD Graphics,0,1920x1080,32,Dell,Low
819.99,Work / Business,Windows 11,1.6,Intel Core i5,256,Intel Iris Graphics,0,1920x1080,16,Dell,Fair
646.79,Home / Personal,Windows 11,2.4,Intel Core i5,1000,Intel Iris Graphics,0,1920x1080,16,Dell,Fair
989.99,Work / Business,Windows 11,1.6,Intel Core i5,1000,Intel Iris Graphics,0,1920x1080,16,Dell,Fair
919.99,Work / Business,Windows 11,1.6,Intel Core i5,1000,Intel Iris Graphics,0,1920x1080,16,Dell,Fair
549.79,Home / Personal,Windows 11,2.4,Intel Core i5,256,Intel Iris Graphics,0,1920x1080,8,Dell,Fair
639.99,Home / Personal,Windows 11,3.0,Intel Core i3,256,Intel UHD Graphics,0,1920x1080,8,Dell,Low
829.99,Work / Business,Windows 10,2.6,Intel Core i5,512,Intel Iris Graphics,0,1920x1080,8,Dell,Fair
676.79,Home / Personal,Windows 11,2.4,Intel Core i5,512,Intel Iris Graphics,0,1920x1080,32,Dell,Fair
599.19,Home / Personal,Windows 11,2.4,Intel Core i5,512,Intel Iris Graphics,0,1920x1080,8,Dell,Fair
829.99,Work / Business,Windows 11,2.6,Intel Core i5,512,Intel Iris Graphics,0,,16,Dell,Fair
599.79,Home / Personal,Windows 11,2.4,Intel Core i5,512,Intel Iris Graphics,0,1920x1080,8,Dell,Fair
799.99,Work / Business,Windows 11,2.6,Intel Core i5,256,Intel Iris Graphics,0,1920x1080,8,Dell,Fair
678.79,Content Creation,Windows 11,1.0,Intel Core i5,512,Intel UHD Graphics,1,1920x1080,32,Dell,Low
889.99,Work / Business,Windows 10,2.6,Intel Core i5,1000,Intel Iris Graphics,0,1920x1080,8,Dell,Fair
999.99,Work / Business,Windows 11,2.6,Intel Core i5,2000,Intel Iris Graphics,0,1920x1080,8,Dell,Fair
629.79,Home / Personal,Windows 11,2.4,Intel Core i5,1000,Intel Iris Graphics,0,1920x1080,8,Dell,Fair
999.99,Work / Business,Windows 10,2.6,Intel Core i5,2000,Intel Iris Graphics,0,1920x1080,8,Dell,Fair
949.99,Work / Business,Windows 11,2.6,Intel Core i5,2000,Intel Iris Graphics,0,,16,Dell,Fair
569.68,Home / Personal,Windows 11,2.4,Intel Core i5,256,Intel Iris Graphics,0,1920x1080,16,Dell,Fair
687.79,Home / Personal,Windows 11,2.4,Intel Core i5,512,Intel Iris Graphics,0,1920x1080,32,Dell,Fair
549.19,Content Creation,Windows 11,2.4,Intel Core i5,256,Intel Iris Graphics,1,1920x1080,8,Dell,Fair
599.0,Content Creation,Windows 11,2.4,Intel Core i5,256,Intel Iris Graphics,1,1920x1080,16,Dell,Fair
669.19,Content Creation,Windows 11,2.4,Intel Core i5,512,Intel Iris Graphics,1,1920x1080,32,Dell,Fair
666.19,Content Creation,Windows 11,2.4,Intel Core i5,1000,Intel Iris Graphics,1,1920x1080,16,Dell,Fair
616.79,Content Creation,Windows 11,2.4,Intel Core i5,1000,Intel Iris Graphics,1,1920x1080,8,Dell,Fair
869.99,Work / Business,Windows 11,1.6,Intel Core i5,1000,Intel Iris Graphics,0,1920x1080,32,Dell,Fair
549.19,Content Creation,Windows 11,2.4,Intel Core i5,256,Intel Iris Graphics,1,1920x1080,8,Dell,Fair
989.99,Work / Business,Windows 11,1.6,Intel Core i5,1000,Intel Iris Graphics,0,1920x1080,16,Dell,Fair
619.19,Content Creation,Windows 11,2.4,Intel Core i5,512,Intel Iris Graphics,1,1920x1080,16,Dell,Fair
599.0,Content Creation,Windows 11,2.4,Intel Core i5,1000,Intel Iris Graphics,1,1920x1080,32,Dell,Fair
656.79,Content Creation,Windows 11,2.4,Intel Core i5,1000,Intel Iris Graphics,1,1920x1080,16,Dell,Fair
599.79,Content Creation,Windows 11,2.4,Intel Core i5,512,Intel Iris Graphics,1,1920x1080,8,Dell,Fair
599.79,Content Creation,Windows 11,2.4,Intel Core i5,1000,Intel Iris Graphics,1,1920x1080,8,Dell,Fair
686.79,Content Creation,Windows 11,2.4,Intel Core i5,1000,Intel Iris Graphics,1,1920x1080,32,Dell,Fair
599.19,Content Creation,Windows 11,2.4,Intel Core i5,512,Intel Iris Graphics,1,1920x1080,8,Dell,Fair
646.79,Content Creation,Windows 11,2.4,Intel Core i5,512,Intel Iris Graphics,1,1920x1080,32,Dell,Fair
1519.0,Gaming,Windows 11,2.3,Intel Core i5,512,NVIDIA GeForce RTX 3050,0,1920x1080,64,ASUS,Fair
1309.0,Work / Business,Windows 10,2.3,Intel Core i5,512,NVIDIA GeForce RTX 3050,0,1920x1080,32,ASUS,Fair
869.99,Work / Business,Windows 11,2.3,Intel Core i7,2000,NVIDIA GeForce RTX 3060,0,3072x1920,32,Dell,High
1079.0,Home / Personal,Windows 10,2.8,Intel Core i7,512,Intel Iris Graphics,1,1920x1080,16,HP,Fair
1289.99,Gaming,Windows 10,2.5,Intel Core i5,2000,NVIDIA GeForce RTX 3050,0,1920x1080,32,Acer,Fair
1249.99,Work / Business,Windows 11,1.7,Intel Core i7,1000,Intel Iris Graphics,0,1920x1080,32,Dell,Fair
1011.99,Work / Business,Windows 10,1.6,Intel Core i5,512,Intel UHD Graphics,0,1920x1080,8,MSI,Low
1019.0,Versatile,Windows 11,1.3,Intel Core i5,256,Intel Iris Graphics,1,2256x1504,8,Microsoft,Fair
1435.94,Home / Personal,Windows 10,2.4,Intel Core i5,512,Intel Iris Graphics,1,2256x1504,8,Microsoft,Fair
1022.06,Home / Personal,Windows 11,3.1,Intel Core i5,512,NVIDIA GeForce GTX 1650,0,1920x1080,8,ASUS,Fair
1389.0,Work / Business,Windows 11,2.3,Intel Core i5,1000,NVIDIA GeForce RTX 3050,0,1920x1080,32,ASUS,Fair
1199.99,Gaming,Windows 10,2.5,Intel Core i5,2000,NVIDIA GeForce GTX 1650,0,1920x1080,16,ASUS,Fair
1059.99,Gaming,Windows 10,2.5,Intel Core i5,1000,NVIDIA GeForce GTX 1650,0,1920x1080,8,ASUS,Fair
1099.99,Gaming,Windows 10,2.5,Intel Core i5,512,NVIDIA GeForce GTX 1650,0,1920x1080,32,ASUS,Fair
1579.99,Gaming,Windows 10,2.5,Intel Core i5,4000,NVIDIA GeForce GTX 1650,0,1920x1080,32,ASUS,Fair
1099.99,Gaming,Windows 10,2.5,Intel Core i5,1000,NVIDIA GeForce GTX 1650,0,1920x1080,16,ASUS,Fair
1469.99,Gaming,Windows 10,2.5,Intel Core i5,4000,NVIDIA GeForce GTX 1650,0,1920x1080,8,ASUS,Fair
1139.99,Gaming,Windows 10,2.5,Intel Core i5,512,NVIDIA GeForce GTX 1650,0,1920x1080,32,ASUS,Fair
1199.99,Gaming,Windows 10,2.5,Intel Core i5,1000,NVIDIA GeForce GTX 1650,0,1920x1080,32,ASUS,Fair
1499.99,Gaming,Windows 10,2.5,Intel Core i5,4000,NVIDIA GeForce GTX 1650,0,1920x1080,8,ASUS,Fair
1299.99,Gaming,Windows 10,2.5,Intel Core i5,2000,NVIDIA GeForce GTX 1650,0,1920x1080,32,ASUS,Fair
1069.99,Gaming,Windows 10,2.5,Intel Core i5,512,NVIDIA GeForce GTX 1650,0,1920x1080,16,ASUS,Fair
1599.99,Gaming,Windows 10,2.5,Intel Core i5,4000,NVIDIA GeForce GTX 1650,0,1920x1080,32,ASUS,Fair
1129.99,Gaming,Windows 10,2.5,Intel Core i5,1000,NVIDIA GeForce GTX 1650,0,1920x1080,16,ASUS,Fair
1239.99,Gaming,Windows 10,2.5,Intel Core i5,2000,NVIDIA GeForce GTX 1650,0,1920x1080,16,ASUS,Fair
1199.99,Gaming,Windows 10,2.5,Intel Core i5,2000,NVIDIA GeForce GTX 1650,0,1920x1080,8,ASUS,Fair
1029.99,Gaming,Windows 10,2.5,Intel Core i5,512,NVIDIA GeForce GTX 1650,0,1920x1080,8,ASUS,Fair
1089.99,Gaming,Windows 10,2.5,Intel Core i5,1000,NVIDIA GeForce GTX 1650,0,1920x1080,8,ASUS,Fair
1539.99,Gaming,Windows 10,2.5,Intel Core i5,4000,NVIDIA GeForce GTX 1650,0,1920x1080,16,ASUS,Fair
1759.0,Gaming,Windows 11,3.2,Ryzen 7,512,NVIDIA GeForce RTX 3070,0,2560x1440,16,Acer,High
1949.0,Gaming,Windows 11,3.2,Ryzen 7,1000,NVIDIA GeForce RTX 3070,0,2560x1440,32,Acer,High
1989.0,Gaming,Windows 11,3.2,Ryzen 7,2000,NVIDIA GeForce RTX 3070,0,2560x1440,32,Acer,High
1949.0,Gaming,Windows 11,3.2,Ryzen 7,1000,NVIDIA GeForce RTX 3070,0,2560x1440,32,Acer,High
1899.0,Gaming,Windows 11,3.2,Ryzen 7,512,NVIDIA GeForce RTX 3070,0,2560x1440,32,Acer,High
1929.0,Gaming,Windows 11,3.2,Ryzen 7,1000,NVIDIA GeForce RTX 3070,0,2560x1440,32,Acer,High
1899.0,Gaming,Windows 11,3.2,Ryzen 7,2000,NVIDIA GeForce RTX 3070,0,2560x1440,16,Acer,High
1759.0,Gaming,Windows 11,3.2,Ryzen 7,512,NVIDIA GeForce RTX 3070,0,2560x1440,16,Acer,High
1849.0,Gaming,Windows 11,3.2,Ryzen 7,1000,NVIDIA GeForce RTX 3070,0,2560x1440,16,Acer,High
1609.0,Gaming,Windows 11,2.3,Intel Core i7,1000,NVIDIA GeForce RTX 3060,0,1920x1080,32,Acer,High
1419.0,Gaming,Windows 11,2.3,Intel Core i7,512,NVIDIA GeForce RTX 3060,0,1920x1080,16,Acer,High
1559.0,Gaming,Windows 11,2.3,Intel Core i7,512,NVIDIA GeForce RTX 3060,0,1920x1080,32,Acer,High
1609.0,Gaming,Windows 11,2.3,Intel Core i7,1000,NVIDIA GeForce RTX 3060,0,1920x1080,32,Acer,High
1589.0,Gaming,Windows 11,2.3,Intel Core i7,1000,NVIDIA GeForce RTX 3060,0,1920x1080,32,Acer,High
1739.0,Gaming,Windows 11,2.3,Intel Core i7,2000,NVIDIA GeForce RTX 3060,0,1920x1080,64,Acer,High
1789.0,Gaming,Windows 11,2.3,Intel Core i7,4000,NVIDIA GeForce RTX 3060,0,1920x1080,32,Acer,High
1509.0,Gaming,Windows 11,2.3,Intel Core i7,1000,NVIDIA GeForce RTX 3060,0,1920x1080,16,Acer,High
1859.0,Gaming,Windows 11,2.3,Intel Core i7,4000,NVIDIA GeForce RTX 3060,0,1920x1080,64,Acer,High
1549.0,Gaming,Windows 11,2.3,Intel Core i7,2000,NVIDIA GeForce RTX 3060,0,1920x1080,16,Acer,High
1419.0,Gaming,Windows 11,2.3,Intel Core i7,512,NVIDIA GeForce RTX 3060,0,1920x1080,16,Acer,High
1639.0,Gaming,Windows 11,2.3,Intel Core i7,2000,NVIDIA GeForce RTX 3060,0,1920x1080,32,Acer,High
1669.0,Gaming,Windows 11,2.3,Intel Core i7,1000,NVIDIA GeForce RTX 3060,0,1920x1080,64,Acer,High
1659.0,Gaming,Windows 11,2.3,Intel Core i7,2000,NVIDIA GeForce RTX 3060,0,1920x1080,32,Acer,High
1559.0,Gaming,Windows 11,2.3,Intel Core i7,512,NVIDIA GeForce RTX 3060,0,1920x1080,16,Acer,High
1719.0,Gaming,Windows 11,2.3,Intel Core i7,1000,NVIDIA GeForce RTX 3060,0,1920x1080,32,Acer,High
1649.0,Gaming,Windows 11,2.3,Intel Core i7,1000,NVIDIA GeForce RTX 3060,0,1920x1080,16,Acer,High
1699.0,Gaming,Windows 11,2.3,Intel Core i7,2000,NVIDIA GeForce RTX 3060,0,1920x1080,16,Acer,High
1719.0,Gaming,Windows 11,2.3,Intel Core i7,1000,NVIDIA GeForce RTX 3060,0,1920x1080,32,Acer,High
1749.0,Gaming,Windows 11,2.3,Intel Core i7,2000,NVIDIA GeForce RTX 3060,0,1920x1080,32,Acer,High
1769.0,Gaming,Windows 11,2.3,Intel Core i7,2000,NVIDIA GeForce RTX 3060,0,1920x1080,32,Acer,High
1959.0,Gaming,Windows 11,2.3,Intel Core i7,4000,NVIDIA GeForce RTX 3060,0,1920x1080,64,Acer,High
1659.0,Gaming,Windows 11,2.3,Intel Core i7,512,NVIDIA GeForce RTX 3060,0,1920x1080,32,Acer,High
1899.0,Gaming,Windows 11,2.3,Intel Core i7,4000,NVIDIA GeForce RTX 3060,0,1920x1080,32,Acer,High
1759.0,Gaming,Windows 11,2.3,Intel Core i7,1000,NVIDIA GeForce RTX 3060,0,1920x1080,64,Acer,High
1839.0,Gaming,Windows 11,2.3,Intel Core i7,2000,NVIDIA GeForce RTX 3060,0,1920x1080,64,Acer,High
1699.0,Gaming,Windows 11,2.3,Intel Core i7,1000,NVIDIA GeForce RTX 3060,0,1920x1080,32,Acer,High
1559.0,Gaming,Windows 11,2.3,Intel Core i7,512,NVIDIA GeForce RTX 3060,0,1920x1080,16,Acer,High
1779.0,Gaming,Windows 11,2.3,Intel Core i7,1000,NVIDIA GeForce RTX 3060,0,1920x1080,64,Acer,High
1829.0,Gaming,Windows 11,2.3,Intel Core i7,2000,NVIDIA GeForce RTX 3060,0,1920x1080,64,Acer,High
1949.0,Gaming,Windows 11,2.3,Intel Core i7,4000,NVIDIA GeForce RTX 3060,0,1920x1080,64,Acer,High
1199.99,Gaming,Windows 11,3.2,Ryzen 7,2000,NVIDIA GeForce RTX 3050,0,1920x1080,32,ASUS,Fair
479.99,Everyday Value,Windows 11,1.0,Intel Core i5,256,Intel UHD Graphics,1,1920x1080,8,Dell,Low
569.79,Home / Personal,Windows 10,1.0,Intel Core i5,256,Intel UHD Graphics,1,1920x1080,8,Dell,Low
559.79,Home / Personal,Windows 11,2.4,Intel Core i5,256,Intel Iris Graphics,0,1920x1080,16,Dell,Fair
869.99,Home / Personal,Windows 11,2.0,Ryzen 7,2000,AMD Radeon Graphics,0,1920x1080,16,Dell,Fair
599.69,Home / Personal,Windows 11,2.4,Intel Core i5,512,Intel Iris Graphics,0,1920x1080,16,Dell,Fair
869.99,Work / Business,Windows 11,1.7,Intel Core i7,1000,Intel Iris Graphics,0,1920x1080,32,Dell,Fair
688.79,Home / Personal,Windows 10,1.0,Intel Core i5,512,Intel UHD Graphics,1,1920x1080,16,Dell,Low
869.99,Work / Business,Windows 11,2.1,Intel Core i7,2000,Intel Iris Graphics,1,1920x1080,64,Dell,Fair
869.99,Work / Business,Windows 11,2.1,Intel Core i7,512,Intel Iris Graphics,1,1920x1080,16,Dell,Fair
929.99,Work / Business,Windows 11,1.6,Intel Core i5,512,Intel Iris Graphics,0,1920x1080,16,Dell,Fair
869.99,Work / Business,Windows 11,1.6,Intel Core i5,2000,Intel Iris Graphics,0,1920x1080,16,Dell,Fair
869.99,Home / Personal,Windows 11,2.0,Ryzen 7,1000,AMD Radeon Graphics,0,1920x1080,32,Dell,Fair
579.79,Home / Personal,Windows 10,1.0,Intel Core i5,256,Intel UHD Graphics,1,1920x1080,16,Dell,Low
299.99,Home / Personal,Windows 10,2.7,Intel Core i7,512,NVIDIA Quadro M1200 with 4GB GDDR5 dedicated memory,0,1920x1080,16,Dell,Low
869.99,Work / Business,Windows 11,2.1,Intel Core i7,1000,Intel Iris Graphics,1,1920x1080,16,Dell,Fair
627.78,Home / Personal,Windows 10,1.0,Intel Core i5,256,Intel UHD Graphics,1,1920x1080,16,Dell,Low
869.99,Work / Business,Windows 11,1.7,Intel Core i7,512,Intel Iris Graphics,0,1920x1080,16,Dell,Fair
648.78,Content Creation,Windows 11,1.0,Intel Core i5,512,Intel UHD Graphics,1,1920x1080,16,Dell,Low
1049.99,Gaming,Windows 11,2.1,Intel Core i7,1000,NVIDIA GeForce RTX 3060,0,1920x1080,32,MSI,High
1537.99,Versatile,Windows 11,3.2,Ryzen 7,1000,NVIDIA GeForce RTX 3050,0,3840x2400,16,ASUS,Fair
1259.0,Gaming,Windows 11,2.5,Intel Core i5,2000,NVIDIA GeForce RTX 3050,0,1920x1080,32,Acer,Fair
1199.0,Gaming,Windows 11,2.5,Intel Core i5,1000,NVIDIA GeForce RTX 3050,0,1920x1080,32,Acer,Fair
1199.0,Gaming,Windows 11,2.5,Intel Core i5,1000,NVIDIA GeForce RTX 3050,0,1920x1080,32,Acer,Fair
1139.0,Gaming,Windows 11,2.5,Intel Core i5,512,NVIDIA GeForce RTX 3050,0,1920x1080,32,Acer,Fair
1179.0,Gaming,Windows 11,2.5,Intel Core i5,2000,NVIDIA GeForce RTX 3050,0,1920x1080,16,Acer,Fair
1309.0,Gaming,Windows 11,2.5,Intel Core i5,2000,NVIDIA GeForce RTX 3050,0,1920x1080,64,Acer,Fair
1229.0,Gaming,Windows 11,2.5,Intel Core i5,2000,NVIDIA GeForce RTX 3050,0,1920x1080,32,Acer,Fair
1179.0,Gaming,Windows 11,2.5,Intel Core i5,1000,NVIDIA GeForce RTX 3050,0,1920x1080,32,Acer,Fair
1269.0,Gaming,Windows 11,2.5,Intel Core i5,1000,NVIDIA GeForce RTX 3050,0,1920x1080,64,Acer,Fair
1049.0,Gaming,Windows 11,2.5,Intel Core i5,512,NVIDIA GeForce RTX 3050,0,1920x1080,16,Acer,Fair
1319.0,Gaming,Windows 11,2.5,Intel Core i5,2000,NVIDIA GeForce RTX 3050,0,1920x1080,64,Acer,Fair
1129.0,Gaming,Windows 11,2.5,Intel Core i5,1000,NVIDIA GeForce RTX 3050,0,1920x1080,16,Acer,Fair
1049.0,Gaming,Windows 11,2.5,Intel Core i5,512,NVIDIA GeForce RTX 3050,0,1920x1080,16,Acer,Fair
1249.0,Gaming,Windows 11,2.5,Intel Core i5,1000,NVIDIA GeForce RTX 3050,0,1920x1080,64,Acer,Fair
1429.0,Gaming,Windows 11,2.5,Intel Core i5,4000,NVIDIA GeForce RTX 3050,0,1920x1080,64,Acer,Fair
259.99,Gaming,Windows 11,2.5,Intel Core i5,4000,NVIDIA GeForce RTX 3050,0,1920x1080,32,Acer,Fair
1449.0,Gaming,Windows 11,2.5,Intel Core i5,4000,NVIDIA GeForce RTX 3050,0,1920x1080,64,Acer,Fair
1099.99,Work / Business,Windows 11,2.1,Intel Core i7,2000,Intel Iris Graphics,1,1920x1080,16,Dell,Fair
1929.0,Gaming,Windows 11,2.1,Intel Core i5,512,NVIDIA GeForce RTX 4060,0,1920x1080,16,MSI,High
1929.0,Gaming,Windows 11,2.1,Intel Core i5,512,NVIDIA GeForce RTX 4060,0,1920x1080,16,MSI,High
1379.99,Gaming,Windows 11,3.2,Ryzen 7,2000,NVIDIA GeForce RTX 3050,0,1920x1080,32,Lenovo,Fair
1189.0,Gaming,Windows 11,2.6,Intel Core i5,512,NVIDIA GeForce RTX 3050,0,1920x1080,16,ASUS,Fair
1039.99,Home / Personal,Windows 10,2.4,Intel Core i5,128,Intel Iris Graphics,1,2736x1824,8,Microsoft,Fair
1013.18,Gaming,Windows 11,2.3,Intel Core i7,1000,NVIDIA GeForce RTX 3050,0,1920x1080,16,MSI,Fair
1649.0,Gaming,Windows 11,3.2,Ryzen 7,1000,AMD Radeon RX Graphics,0,1920x1080,32,MSI,Low
1149.0,Home / Personal,Windows 10,2.8,Intel Core i7,1000,NVIDIA GeForce MX450,0,1920x1080,16,MSI,Fair
1729.0,Gaming,Windows 11,2.8,Intel Core i7,2000,NVIDIA GeForce MX350,0,1920x1200,40,ASUS,Fair
1126.99,Work / Business,Windows 10,1.7,Intel Core i7,256,Intel Iris Graphics,0,1920x1080,8,HP,Fair
1119.0,Home / Personal,Windows 10,1.9,Intel Core i7,512,Intel UHD Graphics,1,2256x1504,16,Microsoft,Low
1025.41,Gaming,Windows 11,2.7,Intel Core i5,512,NVIDIA GeForce RTX 3050,0,1920x1080,8,MSI,Fair
1329.0,Gaming,Windows 11,3.3,Intel Core i3,2000,NVIDIA GeForce GTX 1650,0,1920x1080,64,HP,Fair
899.99,Work / Business,Windows 11,1.7,Intel Core i7,1000,Intel Iris Graphics,0,1920x1080,16,MSI,Fair
2199.97,Content Creation,Windows 10,2.5,Intel Core i9,2000,NVIDIA GeForce RTX 3060,1,2560x1600,32,MSI,High
1469.0,Home / Personal,Windows 10,3.0,Intel Core i7,1000,Intel Iris Graphics,1,2496x1664,32,Microsoft,Fair
1699.99,Gaming,Windows 11,2.3,Intel Core i7,512,NVIDIA GeForce RTX 3070,0,1920x1080,16,Acer,High
579.99,Home / Personal,Windows 11,2.8,Ryzen 5,512,AMD Radeon Graphics,0,1920x1080,8,Acer,Fair
839.99,Gaming,Windows 11,2.7,Intel Core i5,512,NVIDIA GeForce RTX 3050,0,1920x1080,8,ASUS,Fair
1199.99,Gaming,Windows 11,2.3,Intel Core i7,1000,NVIDIA GeForce RTX 3050,0,2560x1600,32,ASUS,Fair
1285.99,Gaming,Windows 11,3.2,Ryzen 7,512,NVIDIA GeForce RTX 3050,0,1920x1080,16,ASUS,Fair
2199.99,Work / Business,Windows 11,2.5,Intel Core i9,2000,NVIDIA GeForce RTX 3060,1,1920x1080,32,ASUS,High
1599.99,Gaming,Windows 11,2.3,Intel Core i7,2000,NVIDIA GeForce RTX 3050,0,1920x1080,32,Lenovo,Fair
1299.99,Gaming,Windows 11,2.3,Intel Core i7,1000,NVIDIA GeForce RTX 3050,0,1920x1080,32,MSI,Fair
779.0,Work / Business,Windows 11,1.3,Intel Core i5,256,Intel Iris Graphics,0,1920x1080,8,Lenovo,Fair
603.76,Home / Personal,Windows 11,2.4,Intel Core i5,512,Intel Iris Graphics,0,1920x1080,16,HP,Fair
599.0,Home / Personal,Windows 11,2.6,Ryzen 3,512,AMD Radeon Vega 3,0,1920x1080,16,Acer,Low
799.99,Home / Personal,Windows 11,2.0,Ryzen 7,1000,AMD Radeon Graphics,0,1920x1080,16,ASUS,Fair
799.0,Work / Business,Windows 11,1.7,Intel Core i5,512,Intel Iris Graphics,0,1920x1080,16,MSI,Fair
289.99,Home / Personal,Windows 11,1.2,Intel Core i3,128,Intel UHD Graphics,0,1920x1080,4,Lenovo,Low
529.99,Home / Personal,Windows 10,3.0,Intel Core i3,128,Intel UHD Graphics,0,1920x1080,4,Acer,Low
2899.99,Gaming,Windows 11,2.2,Intel Core i9,1000,NVIDIA GeForce RTX 4060,0,2560x1600,16,Razer,High
599.0,Home / Personal,Windows 10,2.4,Intel Core i5,128,Intel HD Graphics,1,3000x2000,8,Microsoft,Low
989.0,Home / Personal,Windows 10,3.0,Intel Core i7,512,Intel Iris Graphics,1,2256x1504,16,Microsoft,Fair
2639.11,Home / Personal,Windows 11,3.3,Intel Core i7,1000,NVIDIA GeForce RTX 3050,1,,32,Microsoft,Fair
2654.11,Home / Personal,Windows 11,3.3,Intel Core i7,1000,NVIDIA GeForce RTX 3050,1,,32,Microsoft,Fair
749.0,Versatile,Windows 10,2.4,Intel Core i5,512,Intel Iris Graphics,1,2256x1504,8,Microsoft,Fair
849.0,Home / Personal,Windows 10,2.3,Ryzen 7,512,AMD Radeon RX Graphics,1,2496x1664,16,Microsoft,Low
479.0,Content Creation,Windows 10,1.0,Intel Core i5,128,Intel UHD Graphics,1,1536x1024,8,Microsoft,Low
969.0,Content Creation,Windows 10,1.3,Intel Core i7,512,Intel Iris Graphics,1,2256x1504,16,Microsoft,Fair
599.99,Content Creation,Windows 11,2.4,Intel Core i5,256,Intel Iris Graphics,1,1536x1024,8,Microsoft,Fair
729.99,Versatile,Windows 11,2.6,Intel Core i5,128,Intel Iris Graphics,1,2880x1920,8,Microsoft,Fair
1119.0,Home / Personal,Windows 10,3.0,Intel Core i7,512,Intel Iris Graphics,1,2256x1504,16,Microsoft,Fair
999.0,Home / Personal,Windows 10,2.5,Intel Core i7,512,Intel Iris Graphics,1,2736x1824,16,Microsoft,Fair
1499.99,Versatile,Windows 11,1.7,Intel Core i7,512,Intel Iris Graphics,1,2496x1664,16,Microsoft,Fair
1069.0,Content Creation,Windows 11,3.0,Intel Core i7,256,Intel Iris Graphics,1,2880x1920,16,Microsoft,Fair
739.99,Home / Personal,Windows 10,2.0,Ryzen 7,256,AMD Radeon Graphics,1,2496x1664,8,Microsoft,Fair
879.0,Home / Personal,Windows 10,2.4,Intel Core i5,256,Intel Iris Graphics,1,2736x1824,8,Microsoft,Fair
969.0,Gaming,Windows 10,1.3,Intel Core i7,256,NVIDIA GeForce GTX 1660 Ti Max-Q,1,3240x2160,16,Microsoft,High
929.0,Content Creation,Windows 10,1.3,Intel Core i7,256,Intel Iris Graphics,1,2736x1824,16,Microsoft,Fair
839.0,Versatile,Windows 10,2.6,Intel Core i5,512,Intel Iris Graphics,1,2256x1504,16,Microsoft,Fair
315.0,Versatile,Windows 10,1.0,Intel Core i5,64,Intel UHD Graphics,1,1536x1024,4,Microsoft,Low
789.0,Home / Personal,Windows 10,2.4,Intel Core i5,512,Intel Iris Graphics,1,2256x1504,8,Microsoft,Fair
964.99,Versatile,Windows 11,1.3,Intel Core i5,256,Intel Iris Graphics,1,2256x1504,8,Microsoft,Fair
329.0,Versatile,Windows 10,1.0,Intel Core i5,64,Intel UHD Graphics,1,1536x1024,4,Microsoft,Low
899.0,Home / Personal,Windows 10,2.5,Intel Core i7,256,Intel Iris Graphics,1,2256x1504,8,Microsoft,Fair
749.0,Home / Personal,Windows 11,2.4,Intel Core i5,128,Intel Iris Graphics,1,2880x1920,8,Microsoft,Fair
969.0,Home / Personal,Windows 10,1.9,Intel Core i7,512,Intel UHD Graphics,1,2256x1504,16,Microsoft,Low
1849.0,Home / Personal,Windows 11,3.0,Intel Core i7,1000,Intel Iris Graphics,1,2880x1920,32,Microsoft,Fair
1129.99,Versatile,Windows 10,2.4,Intel Core i5,512,Intel Iris Graphics,1,2256x1504,16,Microsoft,Fair
1619.0,Gaming,Windows 10,1.3,Intel Core i7,1000,NVIDIA GeForce GTX 1650,1,3000x2000,32,Microsoft,Fair
629.0,Home / Personal,Windows 10,1.7,Intel Core i5,256,Intel UHD Graphics,1,2736x1824,8,Microsoft,Low
1057.22,Home / Personal,Windows 10,2.4,Intel Core i5,128,Intel Iris Graphics,1,2736x1824,8,Microsoft,Fair
879.99,Gaming,Windows 10,1.3,Intel Core i7,256,NVIDIA GeForce GTX 1650,1,3000x2000,16,Microsoft,Fair
999.0,Content Creation,Windows 10,3.0,Intel Core i7,256,Intel Iris Graphics,1,2496x1664,16,Microsoft,Fair
388.0,Everyday Value,Windows 10,1.1,Intel Core i3,64,Intel UHD Graphics,1,1920x1280,4,Microsoft,Low
649.0,Home / Personal,Windows 10,1.2,Intel Core i5,128,Intel Iris Graphics,1,2496x1664,8,Microsoft,Fair
2249.0,Versatile,Windows 10,1.3,Intel Core i7,1000,NVIDIA GeForce GTX 1650,1,3000x2000,32,Microsoft,Fair
599.0,Home / Personal,Windows 11,1.3,Intel Core i3,128,Intel UHD Graphics,1,1920x1280,8,Microsoft,Low
589.0,Content Creation,Windows 11,2.4,Intel Core i5,128,Intel Iris Graphics,1,1536x1024,8,Microsoft,Fair
589.0,Content Creation,Windows 11,2.4,Intel Core i5,128,Intel Iris Graphics,1,1536x1024,8,Microsoft,Fair
589.0,Content Creation,Windows 11,2.4,Intel Core i5,128,Intel Iris Graphics,1,1536x1024,8,Microsoft,Fair
819.0,Content Creation,Windows 11,2.4,Intel Core i5,256,Intel Iris Graphics,1,1536x1024,8,Microsoft,Fair
819.0,Content Creation,Windows 11,2.4,Intel Core i5,256,Intel Iris Graphics,1,1536x1024,8,Microsoft,Fair
2384.0,Versatile,Windows 11,1.7,Intel Core i7,1000,Intel Iris Graphics,1,2496x1664,32,Microsoft,Fair
699.0,Home / Personal,Windows 10,2.2,Intel Core i7,256,Intel Iris Graphics,1,2736x1824,16,Microsoft,Fair
999.0,Home / Personal,Windows 10,2.5,Intel Core i7,256,Intel Iris Graphics,1,2256x1504,8,Microsoft,Fair
999.0,Home / Personal,Windows 10,1.7,Intel Core i5,256,Intel UHD Graphics,1,2256x1504,16,Microsoft,Low
873.11,Home / Personal,Windows 11,1.3,Intel Core i3,256,Intel UHD Graphics,1,1920x1280,8,Microsoft,Low
1769.99,Versatile,Windows 10,3.1,Intel Core i5,256,Intel Iris Graphics,1,,16,Microsoft,Fair
816.99,Versatile,Windows 10,1.3,Intel Core i3,128,Intel UHD Graphics,1,1920x1280,8,Microsoft,Low
1419.99,Versatile,Windows 10,2.6,Intel Core i5,512,Intel Iris Graphics,1,2256x1504,8,Microsoft,Fair
1075.11,Content Creation,Windows 11,2.4,Intel Core i5,256,Intel Iris Graphics,1,1536x1024,16,Microsoft,Fair
1661.22,Work / Business,Windows 10,1.2,Intel Core i5,256,Intel Iris Graphics,1,2496x1664,8,Microsoft,Fair
2414.99,Content Creation,Windows 10,3.0,Intel Core i7,1000,Intel Iris Graphics,1,2496x1664,32,Microsoft,Fair
1499.99,Versatile,Windows 11,1.7,Intel Core i7,512,Intel Iris Graphics,1,2496x1664,16,Microsoft,Fair
1456.99,Versatile,Windows 11,2.6,Intel Core i5,256,Intel Iris Graphics,1,2880x1920,16,Microsoft,Fair
1629.99,Versatile,Windows 11,3.1,Intel Core i5,256,Intel Iris Graphics,1,,16,Microsoft,Fair
1899.99,Versatile,Windows 11,3.1,Intel Core i5,512,Intel Iris Graphics,1,,16,Microsoft,Fair
1849.99,Work / Business,Windows 10,2.6,Intel Core i7,2000,NVIDIA GeForce GTX 1650,0,1920x1080,64,Lenovo,Fair
1299.99,Versatile,Windows 11,2.3,Intel Core i7,1000,NVIDIA GeForce RTX 3060,1,3840x2400,16,ASUS,High
449.99,Home / Personal,Windows 11,2.3,Ryzen 5,512,AMD Radeon Graphics,0,1920x1080,8,Acer,Fair
1299.0,Versatile,Windows 11,2.3,Intel Core i7,1000,NVIDIA GeForce RTX 3070,1,2560x1600,16,MSI,High
429.0,Work / Business,Windows 11,2.5,Intel Core i5,512,Intel Iris Graphics,0,1920x1080,16,MSI,Fair
249.99,Home / Personal,Windows 11,2.6,Ryzen 3,128,AMD Radeon Graphics,0,1366x768,8,Acer,Fair
1099.99,Content Creation,Windows 11,3.3,Ryzen 9,1000,NVIDIA GeForce RTX 3050,1,1920x1080,16,ASUS,Fair
549.99,Everyday Value,Windows 11,1.7,Intel Core i5,512,Intel Iris Graphics,1,1920x1080,16,Acer,Fair
499.99,Home / Personal,Windows 11,2.0,Ryzen 7,512,AMD Radeon Graphics,0,1920x1080,8,Lenovo,Fair
619.99,Gaming,Windows 11,3.0,Ryzen 5,512,NVIDIA GeForce GTX 1650,0,1920x1080,8,ASUS,Fair
1799.0,Gaming,Windows 11,2.6,Intel Core i9,1000,NVIDIA GeForce RTX 4070,0,2560x1440,32,MSI,High
969.99,Gaming,Windows 11,3.2,Ryzen 7,1000,NVIDIA GeForce RTX 3070,0,2560x1440,16,Acer,High
849.0,Gaming,Windows 11,2.0,Intel Core i5,512,NVIDIA GeForce RTX 4050,0,1920x1080,16,MSI,Fair
1499.0,Gaming,Windows 11,3.2,Ryzen 7,1000,NVIDIA GeForce RTX 4060,0,1920x1080,32,MSI,High
5299.0,Gaming,Windows 11,2.2,Intel Core i9,4000,NVIDIA GeForce RTX 4090,0,3840x2160,128,MSI,Very High
1999.99,Versatile,Windows 11,2.5,Intel Core i9,1000,NVIDIA GeForce RTX 3070,1,3840x2160,32,ASUS,High
2117.99,Gaming,Windows 11,2.2,Intel Core i9,1000,NVIDIA GeForce RTX 4070,0,2560x1600,32,ASUS,High
799.0,Gaming,Windows 11,3.3,Ryzen 5,512,NVIDIA GeForce RTX 4050,0,1920x1080,8,MSI,Fair
1967.76,Gaming,Windows 11,2.3,Intel Core i7,1000,NVIDIA GeForce RTX 3070,0,1920x1080,32,MSI,High
2099.99,Content Creation,Windows 11,2.5,Intel Core i9,1000,NVIDIA GeForce RTX 3060,1,1920x1080,32,ASUS,High
999.0,Gaming,Windows 11,2.0,Intel Core i5,1000,NVIDIA GeForce RTX 4060,0,1920x1080,16,MSI,High
878.99,Home / Personal,Windows 10,2.8,Intel Core i7,512,Intel Iris Graphics,0,1920x1080,16,ASUS,Fair
714.68,Work / Business,Windows 11,1.7,Intel Core i5,512,Intel Iris Graphics,0,1920x1080,16,MSI,Fair
722.81,Versatile,Windows 11,1.7,Intel Core i5,512,NVIDIA GeForce GTX 1650,0,1920x1080,16,MSI,Fair
1274.99,Work / Business,Windows 10,3.0,Intel Core i7,512,NVIDIA GeForce GTX 1650,0,1920x1080,16,MSI,Fair
2599.0,Gaming,Windows 11,2.5,Intel Core i9,1000,NVIDIA GeForce RTX 3080,0,2560x1440,32,MSI,High
899.0,Home / Personal,Windows 10,2.5,Intel Core i7,256,Intel Iris Graphics,1,2256x1504,8,Microsoft,Fair
1999.0,Content Creation,Windows 10,1.3,Intel Core i7,512,NVIDIA GeForce GTX 1660 Ti Max-Q,1,3240x2160,32,Microsoft,High
579.99,Versatile,Windows 11,1.3,Intel Core i3,128,Intel UHD Graphics,1,1920x1280,8,Microsoft,Low
1399.99,Home / Personal,Windows 11,3.1,Intel Core i5,256,Intel Iris Graphics,1,,16,Microsoft,Fair
949.0,Home / Personal,Windows 10,1.9,Intel Core i7,512,Intel UHD Graphics,1,2736x1824,16,Microsoft,Low
3026.99,Content Creation,Windows 11,3.3,Intel Core i7,2000,NVIDIA GeForce RTX 3050,1,,32,Microsoft,Fair
3215.99,Content Creation,Windows 11,3.3,Intel Core i7,1000,NVIDIA RTX A2000 Laptop GPU,1,,32,Microsoft,Very High
3749.99,Content Creation,Windows 11,3.3,Intel Core i7,2000,NVIDIA RTX A2000 Laptop GPU,1,,32,Microsoft,Very High
629.0,Home / Personal,Windows 10,2.2,Ryzen 5,256,AMD Radeon Graphics,1,2256x1504,8,Microsoft,Fair
1399.99,Versatile,Windows 11,2.6,Intel Core i5,256,Intel Iris Graphics,1,2880x1920,16,Microsoft,Fair
599.0,Home / Personal,Windows 10,1.3,Intel Core i3,128,Intel UHD Graphics,1,1920x1280,8,Microsoft,Low
889.0,Home / Personal,Windows 10,2.0,Ryzen 7,512,AMD Radeon Graphics,1,2496x1664,8,Microsoft,Fair
669.0,Content Creation,Windows 11,2.4,Intel Core i5,128,Intel Iris Graphics,1,1536x1024,8,Microsoft,Fair
535.0,Home / Personal,Windows 10,2.2,Ryzen 5,256,AMD Radeon Graphics,1,2256x1504,8,Microsoft,Fair
989.0,Home / Personal,Windows 10,3.0,Intel Core i7,512,Intel Iris Graphics,1,2256x1504,16,Microsoft,Fair
895.0,Versatile,Windows 10,2.6,Intel Core i5,512,Intel Iris Graphics,1,2256x1504,16,Microsoft,Fair
895.0,Versatile,Windows 10,2.4,Intel Core i5,512,Intel Iris Graphics,1,2256x1504,16,Microsoft,Fair
1099.99,Versatile,Windows 11,1.7,Intel Core i7,256,Intel Iris Graphics,1,2496x1664,8,Microsoft,Fair
3199.0,Gaming,Windows 10,1.3,Intel Core i7,2000,NVIDIA GeForce GTX 1660 Ti Max-Q,1,3240x2160,32,Microsoft,High
1682.11,Home / Personal,Windows 10,3.1,Intel Core i5,256,Intel Iris Graphics,1,,16,Microsoft,Fair
1199.0,Work / Business,Windows 10,2.8,Intel Core i7,512,Intel Iris Graphics,1,2736x1824,16,Microsoft,Fair
1499.0,Gaming,Windows 11,3.2,Ryzen 7,1000,NVIDIA GeForce RTX 4060,0,1920x1080,32,MSI,High
714.68,Work / Business,Windows 11,1.7,Intel Core i5,512,Intel Iris Graphics,0,1920x1080,16,MSI,Fair
799.79,Gaming,Windows 10,2.4,Intel Core i5,1000,NVIDIA GeForce GTX 1650,0,1920x1200,16,MSI,Fair
1299.0,Gaming,Windows 10,2.3,Intel Core i7,512,NVIDIA GeForce RTX 3050,0,1920x1080,16,Acer,Fair
666.79,Gaming,Windows 10,2.4,Intel Core i5,256,NVIDIA GeForce GTX 1650,0,1920x1080,8,MSI,Fair
899.0,Gaming,Windows 10,2.3,Intel Core i7,512,NVIDIA GeForce RTX 3050,0,1920x1080,16,MSI,Fair
1370.99,Gaming,Windows 10,2.3,Intel Core i7,512,NVIDIA GeForce RTX 3060,0,2560x1600,16,Acer,High
1399.99,Gaming,Windows 10,2.6,Intel Core i7,1000,NVIDIA GeForce RTX 3060,0,1920x1080,16,MSI,High
1879.0,Gaming,Windows 10,2.3,Intel Core i7,1000,GeForce RTX 2070 Super,0,1920x1080,16,ASUS,Fair
2119.0,Gaming,Windows 10,2.3,Intel Core i7,2000,NVIDIA GeForce RTX 3070,0,1920x1080,64,MSI,High
669.0,Gaming,Windows 10,2.5,Intel Core i5,256,NVIDIA GeForce GTX 1650,0,1920x1080,8,MSI,Fair
659.0,Gaming,Windows 10,2.5,Intel Core i5,256,NVIDIA GeForce GTX 1650,0,1920x1080,8,MSI,Fair
1369.0,Gaming,Windows 10,2.6,Intel Core i5,1000,NVIDIA GeForce RTX 3050,0,1920x1080,32,ASUS,Fair
977.99,Home / Personal,Windows 10,2.7,Intel Core i5,1000,NVIDIA GeForce RTX 3050,0,1920x1080,32,Acer,Fair
897.47,Gaming,Windows 10,2.5,Intel Core i5,256,GeForce GTX 1050 Ti,0,1920x1080,8,Acer,Low
2302.12,Gaming,Windows 10,2.3,Intel Core i7,1000,NVIDIA GeForce RTX 3070,0,1920x1080,16,MSI,High
2269.0,Gaming,Windows 10,2.9,Ryzen 7,1000,NVIDIA GeForce RTX 3060,0,1920x1080,64,ASUS,High
1976.99,Gaming,Windows 10,2.9,Ryzen 7,512,NVIDIA GeForce RTX 3050,0,1920x1080,16,ASUS,Fair
1043.97,Gaming,Windows 10,3.3,Ryzen 5,512,NVIDIA GeForce RTX 3050,0,1920x1080,8,HP,Fair
1634.97,Gaming,Windows 10,2.3,Intel Core i7,512,NVIDIA GeForce RTX 3070,0,1920x1080,16,MSI,High
1199.0,Gaming,Windows 10,2.2,Intel Core i7,256,NVIDIA GeForce GTX 1060,0,1920x1080,16,Acer,Fair
979.0,Gaming,Windows 10,2.4,Intel Core i5,1000,Intel Iris Graphics,0,1920x1080,32,HP,Fair
2089.0,Gaming,Windows 10,3.2,Ryzen 7,1000,NVIDIA GeForce RTX 3070,0,2560x1600,32,Lenovo,High
1919.0,Gaming,Windows 10,2.5,Intel Core i7,512,NVIDIA GeForce RTX 3060,0,1920x1080,32,Acer,High
1759.99,Gaming,Windows 10,2.5,Intel Core i5,4000,NVIDIA GeForce RTX 3050,0,1920x1080,64,Acer,Fair
1289.99,Gaming,Windows 10,2.5,Intel Core i5,512,NVIDIA GeForce RTX 3050,0,1920x1080,64,Acer,Fair
1349.99,Gaming,Windows 10,2.5,Intel Core i5,1000,NVIDIA GeForce RTX 3050,0,1920x1080,64,Acer,Fair
3979.0,Gaming,Windows 11,2.5,Ryzen 9,2000,NVIDIA GeForce RTX 4090,0,2260x1400,64,ASUS,Very High
2499.99,Gaming,Windows 11,2.5,Intel Core i7,1000,NVIDIA GeForce RTX 4060,0,2560x1440,16,Razer,High
2929.64,Content Creation,Windows 11,2.5,Intel Core i9,1000,NVIDIA GeForce RTX 3060,1,3840x2160,32,ASUS,High
3466.6,Gaming,Windows 10,3.0,Ryzen 9,1000,NVIDIA GeForce GTX 1650,1,3840x2400,32,ASUS,Fair
2199.0,Gaming,Windows 11,3.3,Ryzen 9,2000,AMD Radeon RX Graphics,0,2560x1440,64,ASUS,Low
3349.0,Gaming,Windows 11,2.5,Ryzen 9,2000,NVIDIA GeForce RTX 4080,0,2560x1440,64,ASUS,Very High
2400.99,Gaming,Windows 11,2.4,Intel Core i7,1000,NVIDIA GeForce RTX 4070,0,1920x1080,16,MSI,High
3376.76,Versatile,Windows 11,2.2,Intel Core i9,2000,NVIDIA GeForce RTX 4070,1,2560x1600,64,MSI,High
2255.48,Versatile,Windows 11,2.6,Intel Core i9,2000,NVIDIA GeForce RTX 4050,0,2560x1600,64,MSI,Fair
2593.57,Versatile,Windows 11,2.6,Intel Core i9,4000,NVIDIA GeForce RTX 4060,0,2560x1600,64,MSI,High
2008.84,Work / Business,Windows 10,2.8,Intel Core i7,1000,Intel Iris Graphics,1,3300x2200,16,ASUS,Fair
4799.0,Gaming,Windows 11,2.2,Intel Core i9,2000,NVIDIA GeForce RTX 4090,0,1920x1200,32,Razer,Very High
2097.0,Gaming,Windows 11,2.3,Intel Core i7,1000,NVIDIA GeForce RTX 3070,0,2560x1600,32,ASUS,High
2099.99,Gaming,Windows 11,2.4,Intel Core i7,2000,NVIDIA GeForce RTX 4070,0,1920x1080,64,HP,High
2109.0,Gaming,Windows 10,2.5,Intel Core i9,1000,NVIDIA GeForce RTX 3070,0,1920x1080,32,MSI,High
2021.99,Work / Business,Windows 11,1.6,Intel Core i5,512,Intel Iris Graphics,0,1920x1200,16,HP,Fair
2360.22,Gaming,Windows 10,2.3,Intel Core i7,512,NVIDIA GeForce RTX 3080,0,1920x1080,16,MSI,High
3641.99,Gaming,Windows 11,2.3,Intel Core i7,1000,NVIDIA GeForce RTX 3080,0,2560x1440,32,MSI,High
2059.0,Gaming,Windows 11,3.2,Ryzen 7,1000,NVIDIA GeForce RTX 3060,0,2560x1600,64,Lenovo,High
2049.0,Gaming,Windows 11,3.2,Ryzen 7,2000,NVIDIA GeForce RTX 3060,0,2560x1600,32,Lenovo,High
2129.0,Gaming,Windows 11,3.2,Ryzen 7,2000,NVIDIA GeForce RTX 3060,0,2560x1600,64,Lenovo,High
2249.0,Gaming,Windows 11,3.2,Ryzen 7,4000,NVIDIA GeForce RTX 3060,0,2560x1600,64,Lenovo,High
2049.0,Gaming,Windows 11,3.2,Ryzen 7,2000,NVIDIA GeForce RTX 3060,0,2560x1600,32,Lenovo,High
2059.0,Gaming,Windows 11,3.2,Ryzen 7,1000,NVIDIA GeForce RTX 3060,0,2560x1600,64,Lenovo,High
2239.0,Gaming,Windows 11,3.2,Ryzen 7,4000,NVIDIA GeForce RTX 3060,0,2560x1600,64,Lenovo,High
2119.0,Gaming,Windows 11,3.2,Ryzen 7,2000,NVIDIA GeForce RTX 3060,0,2560x1600,64,Lenovo,High
2108.33,Versatile,Windows 10,2.5,Intel Core i9,1000,NVIDIA GeForce RTX 3060,1,2560x1600,16,MSI,High
2035.12,Versatile,Windows 11,2.4,Intel Core i7,1000,NVIDIA GeForce RTX 4060,0,2560x1600,64,MSI,High
2001.49,Gaming,Windows 11,2.6,Intel Core i9,1000,NVIDIA GeForce RTX 4070,0,1920x1080,32,MSI,High
2021.99,Gaming,Windows 11,2.3,Intel Core i7,1000,NVIDIA GeForce RTX 4070,0,1920x1080,16,MSI,High
2599.0,Gaming,Windows 11,2.3,Intel Core i7,1000,NVIDIA GeForce RTX 3080,0,2560x1440,32,MSI,High
2129.33,Gaming,Windows 11,2.5,Intel Core i9,1000,NVIDIA GeForce RTX 3070,0,1920x1080,16,MSI,High
2390.73,Versatile,Windows 11,2.3,Intel Core i7,1000,NVIDIA GeForce RTX 3070,1,2560x1600,32,MSI,High
2349.0,Content Creation,Windows 10,2.3,Intel Core i7,512,NVIDIA GeForce RTX 3060,0,3840x2160,16,MSI,High
2601.26,Content Creation,Windows 10,2.3,Intel Core i7,1000,NVIDIA GeForce RTX 3080,0,3840x2160,16,MSI,High
2062.98,Work / Business,Windows 11,2.4,Intel Core i7,1000,NVIDIA GeForce RTX 4050,0,2560x1600,32,MSI,Fair
2048.26,Content Creation,Windows 11,2.3,Intel Core i7,1000,NVIDIA GeForce RTX 3060,0,2560x1600,32,ASUS,High
2099.99,Versatile,Windows 11,2.3,Intel Core i7,1000,NVIDIA GeForce RTX 3070,0,2560x1600,32,ASUS,High
2015.21,Gaming,Windows 11,2.3,Intel Core i7,512,NVIDIA GeForce RTX 3070,0,1920x1080,16,MSI,High
3799.99,Versatile,Windows 11,2.2,Intel Core i9,2000,NVIDIA GeForce RTX 4070,1,2560x1600,64,MSI,High
2399.99,Home / Personal,Windows 10,3.0,Intel Core i7,1000,Intel Iris Graphics,1,2496x1664,32,Microsoft,Fair
2496.9,Content Creation,Windows 10,2.3,Intel Core i7,1000,NVIDIA GeForce RTX 3070,0,3840x2160,16,MSI,High
2179.8,Versatile,Windows 11,2.5,Intel Core i9,1000,NVIDIA GeForce RTX 3070,1,3840x2160,32,ASUS,High
2041.99,Gaming,Windows 11,2.3,Intel Core i7,1000,NVIDIA GeForce RTX 3070,0,1920x1080,32,MSI,High
2169.16,Content Creation,Windows 10,2.3,Intel Core i7,1000,NVIDIA GeForce RTX 3080,0,3840x2160,16,MSI,High
3645.73,Gaming,Windows 11,2.3,Intel Core i9,1000,NVIDIA GeForce RTX 3080,0,2560x1440,32,MSI,High
2159.99,Gaming,Windows 11,4.0,Ryzen 9,1000,NVIDIA GeForce RTX 4070,0,1920x1080,16,ASUS,High
3299.99,Gaming,Windows 11,2.2,Intel Core i9,1000,NVIDIA GeForce RTX 4090,0,2560x1600,32,Lenovo,Very High
3749.0,Gaming,Windows 11,2.6,Intel Core i9,2000,NVIDIA GeForce RTX 4090,0,2560x1440,64,MSI,Very High
2029.99,Gaming,Windows 11,2.2,Intel Core i9,1000,NVIDIA GeForce RTX 4070,0,2560x1600,32,Lenovo,High
2399.99,Versatile,Windows 11,2.6,Intel Core i9,1000,NVIDIA GeForce RTX 4060,0,2880x1800,32,ASUS,High
3598.99,Gaming,Windows 11,2.2,Intel Core i9,2000,NVIDIA GeForce RTX 4090,0,2560x1600,32,ASUS,Very High
2599.0,Gaming,Windows 11,2.2,Intel Core i9,2000,NVIDIA GeForce RTX 4070,0,2560x1600,32,MSI,High
2199.22,Gaming,Windows 11,2.1,Intel Core i7,1000,NVIDIA GeForce RTX 4070,0,2560x1600,16,Acer,High
3397.99,Gaming,Windows 11,2.5,Ryzen 9,1000,NVIDIA GeForce RTX 4090,0,2560x1440,32,ASUS,Very High
2099.99,Gaming,Windows 11,2.5,Ryzen 9,1000,NVIDIA GeForce RTX 4070,0,2560x1440,16,ASUS,High
3099.0,Versatile,Windows 11,2.5,Intel Core i9,2000,NVIDIA GeForce RTX 3080,1,2560x1600,32,MSI,High
2499.99,Gaming,Windows 11,3.3,Ryzen 9,1000,NVIDIA GeForce RTX 3070,0,2560x1600,32,ASUS,High
2549.53,Gaming,Windows 11,2.3,Intel Core i7,1000,NVIDIA GeForce RTX 3080,0,2560x1440,32,MSI,High
3799.0,Gaming,Windows 11,2.2,Intel Core i9,2000,NVIDIA GeForce RTX 4090,0,2560x1600,32,MSI,Very High
2107.29,Work / Business,Windows 11,2.4,Intel Core i7,2000,NVIDIA GeForce RTX 4060,0,2560x1600,32,MSI,High
2117.72,Work / Business,Windows 11,2.2,Intel Core i7,1000,NVIDIA GeForce RTX 4050,1,2560x1600,32,MSI,Fair
2247.02,Versatile,Windows 11,2.3,Intel Core i7,1000,NVIDIA GeForce RTX 3080,1,2560x1600,32,MSI,High
1599.99,Versatile,Windows 11,2.6,Intel Core i9,1000,NVIDIA GeForce RTX 4060,1,3200x2000,32,Lenovo,High
